Date,FG,SPX,NQ
2020-05-14,38.0,2852.5,9094.419921875
2020-05-15,39.0,2863.7,9152.6396484375
2020-05-18,47.0,2953.91,9331.9296875
2020-05-19,48.0,2922.94,9298.5400390625
2020-05-20,52.0,2971.61,9485.01953125
2020-05-21,52.0,2948.51,9377.990234375
2020-05-22,50.0,2955.45,9413.990234375
2020-05-26,50.0,2991.77,9389.98046875
2020-05-27,53.0,3036.13,9442.0498046875
2020-05-28,50.0,3029.73,9416.7099609375
2020-05-29,52.0,3044.31,9555.5302734375
2020-06-01,58.0,3055.73,9598.8896484375
2020-06-02,58.0,3080.82,9657.3095703125
2020-06-03,60.0,3122.87,9704.6904296875
2020-06-04,62.0,3112.35,9629.66015625
2020-06-05,66.0,3193.93,9824.3896484375
2020-06-08,67.0,3232.39,9901.51953125
2020-06-09,67.0,3207.18,9967.169921875
2020-06-10,67.0,3190.14,10094.259765625
2020-06-11,56.0,3002.1,9588.48046875
2020-06-12,54.0,3041.31,9663.7802734375
2020-06-15,53.0,3066.59,9776.8896484375
2020-06-16,52.0,3124.74,9949.3701171875
2020-06-17,52.0,3113.49,9982.48046875
2020-06-18,51.0,3115.34,10012.0498046875
2020-06-19,52.0,3097.74,10008.6396484375
2020-06-22,52.0,3117.86,10130.330078125
2020-06-23,52.0,3131.29,10209.8203125
2020-06-24,48.0,3050.33,10002.7001953125
2020-06-25,49.0,3083.76,10101.830078125
2020-06-26,45.0,3009.05,9849.3603515625
2020-06-29,48.0,3053.24,9961.16015625
2020-06-30,47.0,3100.29,10156.849609375
2020-07-01,48.0,3115.86,10279.25
2020-07-02,50.0,3130.01,10341.8896484375
2020-07-06,51.0,3179.72,10604.0595703125
2020-07-07,49.0,3145.32,10524.009765625
2020-07-08,52.0,3169.94,10666.7001953125
2020-07-09,53.0,3152.05,10754.58984375
2020-07-10,59.0,3185.04,10836.330078125
2020-07-13,53.0,3155.22,10602.2099609375
2020-07-14,61.0,3197.52,10689.51953125
2020-07-15,62.0,3226.56,10701.6796875
2020-07-16,62.0,3215.57,10626.4599609375
2020-07-17,63.0,3224.73,10645.2197265625
2020-07-20,65.0,3251.84,10952.080078125
2020-07-21,65.0,3257.3,10833.0703125
2020-07-22,65.0,3276.02,10870.75
2020-07-23,68.0,3235.66,10580.58984375
2020-07-24,63.0,3215.63,10483.1298828125
2020-07-27,65.0,3239.41,10674.3798828125
2020-07-28,63.0,3218.44,10532.5
2020-07-29,64.0,3258.44,10662.98046875
2020-07-30,62.0,3246.22,10715.509765625
2020-07-31,65.0,3271.12,10905.8798828125
2020-08-03,67.0,3294.61,11055.080078125
2020-08-04,67.0,3306.51,11096.5400390625
2020-08-05,70.0,3327.77,11125.4404296875
2020-08-06,73.0,3349.16,11267.080078125
2020-08-07,72.0,3351.28,11139.3896484375
2020-08-10,75.0,3360.47,11085.169921875
2020-08-11,71.0,3333.69,10876.080078125
2020-08-12,73.0,3380.35,11157.7197265625
2020-08-13,72.0,3373.43,11178.3701171875
2020-08-14,72.0,3372.85,11164.4501953125
2020-08-17,71.0,3381.99,11288.5703125
2020-08-18,70.0,3389.78,11399.0302734375
2020-08-19,68.0,3374.85,11318.6396484375
2020-08-20,70.0,3385.51,11477.0498046875
2020-08-21,70.0,3397.16,11555.16015625
2020-08-24,71.0,3431.28,11626.169921875
2020-08-25,73.0,3443.62,11721.8095703125
2020-08-26,74.0,3478.73,11971.9404296875
2020-08-27,76.0,3484.55,11926.16015625
2020-08-28,77.0,3508.01,11995.849609375
2020-08-31,74.0,3500.31,12110.7001953125
2020-09-01,77.0,3526.65,12292.8603515625
2020-09-02,78.0,3580.84,12420.5400390625
2020-09-03,60.0,3455.06,11771.3701171875
2020-09-04,59.0,3426.96,11622.1298828125
2020-09-08,55.0,3331.84,11068.259765625
2020-09-09,65.0,3398.96,11395.849609375
2020-09-10,59.0,3339.19,11154.1201171875
2020-09-11,58.0,3340.97,11087.400390625
2020-09-14,59.0,3383.54,11277.759765625
2020-09-15,59.0,3401.2,11438.8701171875
2020-09-16,56.0,3385.49,11247.599609375
2020-09-17,53.0,3357.01,11080.9501953125
2020-09-18,52.0,3319.47,10936.98046875
2021-02-01,43.400000000000006,3773.86,13248.900390625
2021-02-02,60.46666666666667,3826.31,13456.1201171875
2021-02-03,59.2,3830.17,13402.3701171875
2021-02-04,61.06666666666667,3871.74,13560.8896484375
2021-02-05,68.0,3886.83,13603.9599609375
2021-02-08,72.86666666666667,3915.59,13695.01953125
2021-02-09,75.4,3911.23,13687.080078125
2021-02-10,75.26666666666667,3909.88,13655.26953125
2021-02-11,76.0,3916.38,13734.349609375
2021-02-12,77.66666666666667,3934.83,13807.7001953125
2021-02-16,73.93333333333334,3932.59,13773.76953125
2021-02-17,70.2,3931.33,13699.7099609375
2021-02-18,62.53333333333334,3913.97,13637.509765625
2021-02-19,56.239999999999995,3906.71,13580.7802734375
2021-02-22,52.48,3876.5,13223.740234375
2021-02-23,50.56,3881.37,13194.7099609375
2021-02-24,63.8,3925.43,13302.1904296875
2021-02-25,46.16,3829.34,12828.3095703125
2021-02-26,53.52,3811.15,12909.4404296875
2021-03-01,58.52,3901.82,13282.9501953125
2021-03-02,50.32000000000001,3870.29,13059.9501953125
2021-03-03,43.84,3819.72,12683.330078125
2021-03-04,37.8,3768.47,12464.0
2021-03-05,41.52,3841.94,12668.509765625
2021-03-08,39.08,3821.35,12299.080078125
2021-03-09,43.36,3875.44,12794.490234375
2021-03-10,45.56,3898.81,12752.0703125
2021-03-11,50.48,3939.34,13052.900390625
2021-03-12,53.720000000000006,3943.34,12937.2900390625
2021-03-15,56.52,3968.94,13082.5400390625
2021-03-16,54.8,3962.71,13152.2802734375
2021-03-17,57.86666666666667,3974.12,13202.3798828125
2021-03-18,52.333333333333336,3915.46,12789.1396484375
2021-03-19,50.833333333333336,3913.1,12866.990234375
2021-03-22,50.7,3940.59,13086.509765625
2021-03-23,41.8,3910.52,13017.7900390625
2021-03-24,37.66666666666667,3889.14,12798.8798828125
2021-03-25,37.833333333333336,3909.52,12780.509765625
2021-03-26,37.56666666666667,3974.54,12979.1201171875
2021-03-29,39.56666666666667,3971.09,12965.740234375
2021-03-30,42.03333333333334,3958.55,12896.5302734375
2021-03-31,44.56666666666667,3972.89,13091.4404296875
2021-04-01,46.400000000000006,4019.87,13329.51953125
2021-04-05,54.56666666666667,4077.91,13598.16015625
2021-04-06,53.5,4073.94,13578.4599609375
2021-04-07,52.53333333333333,4079.95,13616.7001953125
2021-04-08,48.099999999999994,4097.17,13758.509765625
2021-04-09,47.5,4128.8,13845.0595703125
2021-04-12,43.43333333333334,4127.99,13819.349609375
2021-04-13,43.63333333333333,4141.59,13986.490234375
2021-04-14,39.96666666666667,4124.66,13803.91015625
2021-04-15,47.16666666666668,4170.42,14026.1904296875
2021-04-16,51.3,4185.47,14041.91015625
2021-04-19,45.26666666666667,4163.26,13907.669921875
2021-04-20,42.866666666666674,4134.94,13809.2998046875
2021-04-21,49.63333333333333,4173.42,13935.150390625
2021-04-22,46.70000000000001,4134.98,13762.3603515625
2021-04-23,47.7,4180.17,13941.4404296875
2021-04-26,50.53333333333334,4187.62,14026.16015625
2021-04-27,54.8,4186.72,13960.2802734375
2021-04-28,52.400000000000006,4183.18,13901.6201171875
2021-04-29,56.166666666666664,4211.47,13970.2001953125
2021-04-30,46.53333333333333,4181.17,13860.759765625
2021-05-03,47.56666666666667,4192.66,13799.7197265625
2021-05-04,43.46666666666667,4164.66,13544.669921875
2021-05-05,43.03333333333333,4167.59,13503.3701171875
2021-05-06,43.93333333333334,4201.62,13613.73046875
2021-05-07,48.166666666666664,4232.6,13719.6298828125
2021-05-10,44.93333333333334,4188.43,13359.080078125
2021-05-11,42.03333333333334,4152.1,13351.26953125
2021-05-12,26.766666666666666,4063.04,13001.6298828125
2021-05-13,34.433333333333344,4112.5,13109.150390625
2021-05-14,35.99999999999999,4173.85,13393.1201171875
2021-05-17,36.36666666666667,4163.29,13312.91015625
2021-05-18,34.03333333333334,4127.83,13217.6796875
2021-05-19,32.333333333333336,4115.68,13237.91015625
2021-05-20,32.300000000000004,4159.12,13494.08984375
2021-05-21,29.433333333333337,4155.86,13411.740234375
2021-05-24,29.5,4197.05,13641.75
2021-05-25,26.66666666666667,4188.13,13657.73046875
2021-05-26,28.133333333333336,4195.99,13702.740234375
2021-05-27,30.3,4200.88,13657.849609375
2021-05-28,31.566666666666663,4204.11,13686.509765625
2021-06-01,35.4,4202.04,13654.58984375
2021-06-02,42.13333333333333,4208.12,13675.7900390625
2021-06-03,40.8,4192.85,13529.6796875
2021-06-04,41.9,4229.89,13770.76953125
2021-06-07,44.46666666666667,4226.52,13802.8896484375
2021-06-08,46.46666666666667,4227.26,13810.8603515625
2021-06-09,48.53333333333333,4219.55,13814.9404296875
2021-06-10,48.9,4239.18,13960.349609375
2021-06-11,51.23333333333334,4247.44,13998.2998046875
2021-06-14,54.166666666666664,4255.15,14128.2001953125
2021-06-15,52.666666666666664,4246.59,14030.41015625
2021-06-16,44.8,4223.7,13983.009765625
2021-06-17,42.03333333333334,4221.86,14163.8095703125
2021-06-18,31.600000000000005,4166.45,14049.580078125
2021-06-21,32.46666666666666,4224.79,14137.23046875
2021-06-22,32.800000000000004,4246.44,14270.419921875
2021-06-23,33.26666666666667,4241.84,14274.240234375
2021-06-24,36.9,4266.49,14365.9599609375
2021-06-25,41.63333333333333,4280.7,14345.1796875
2021-06-28,41.43333333333334,4290.61,14524.98046875
2021-06-29,39.833333333333336,4291.8,14572.75
2021-06-30,38.00000000000001,4297.5,14554.7998046875
2021-07-01,38.666666666666664,4319.94,14560.0498046875
2021-07-02,38.66666666666667,4352.34,14727.6298828125
2021-07-06,33.300000000000004,4343.54,14786.3603515625
2021-07-07,33.1,4358.13,14810.5400390625
2021-07-08,26.96666666666667,4320.82,14722.1396484375
2021-07-09,31.000000000000004,4369.55,14826.08984375
2021-07-12,31.7,4384.63,14877.8896484375
2021-07-13,31.266666666666666,4369.21,14874.5400390625
2021-07-14,29.533333333333335,4374.3,14900.4404296875
2021-07-15,27.33333333333334,4360.03,14794.6904296875
2021-07-16,26.9,4327.16,14681.3798828125
2021-07-19,8.983333333333334,4258.49,14549.08984375
2021-07-20,20.066666666666663,4323.06,14728.2099609375
2021-07-21,24.2,4358.69,14842.6298828125
2021-07-22,24.333333333333332,4367.48,14940.169921875
2021-07-23,28.299999999999997,4411.79,15111.7900390625
2021-07-26,30.9,4422.3,15125.9501953125
2021-07-27,27.166666666666668,4401.46,14956.9697265625
2021-07-28,27.46666666666667,4400.64,15018.099609375
2021-07-29,29.233333333333334,4419.15,15048.3603515625
2021-07-30,25.76666666666667,4395.26,14959.900390625
2021-08-02,25.1,4387.16,14963.6201171875
2021-08-03,29.533333333333335,4423.15,15061.419921875
2021-08-04,28.633333333333336,4402.66,15083.3896484375
2021-08-05,29.633333333333336,4429.1,15181.6396484375
2021-08-06,31.866666666666664,4436.52,15109.3603515625
2021-08-09,32.06666666666667,4432.35,15133.1103515625
2021-08-10,34.833333333333336,4436.75,15053.580078125
2021-08-11,37.93333333333334,4447.7,15027.759765625
2021-08-12,43.13333333333333,4460.83,15088.98046875
2021-08-13,47.13333333333333,4468.0,15136.6796875
2021-08-16,44.866666666666674,4479.71,15140.76953125
2021-08-17,31.7,4448.08,15002.830078125
2021-08-18,18.2,4400.27,14857.919921875
2021-08-19,14.883333333333336,4405.8,14933.9404296875
2021-08-20,23.86666666666667,4441.67,15092.5703125
2021-08-23,30.433333333333337,4479.53,15312.8203125
2021-08-24,34.4,4486.23,15357.6796875
2021-08-25,36.03333333333333,4496.19,15368.919921875
2021-08-26,36.833333333333336,4470.0,15278.51953125
2021-08-27,47.46666666666667,4509.37,15432.9501953125
2021-08-30,47.86666666666667,4528.79,15605.08984375
2021-08-31,47.23333333333333,4522.68,15582.509765625
2021-09-01,43.13333333333333,4524.09,15611.5703125
2021-09-02,44.166666666666664,4536.95,15604.25
2021-09-03,44.06666666666666,4535.43,15652.8603515625
2021-09-07,41.7,4520.03,15675.759765625
2021-09-08,38.56666666666667,4514.07,15620.849609375
2021-09-09,33.800000000000004,4493.28,15561.0498046875
2021-09-10,20.600000000000005,4458.58,15440.75
2021-09-13,28.266666666666666,4468.73,15434.5
2021-09-14,24.8,4443.05,15382.900390625
2021-09-15,31.200000000000003,4480.7,15503.5302734375
2021-09-16,31.500000000000004,4473.75,15515.91015625
2021-09-17,17.933333333333337,4432.99,15333.4697265625
2021-09-20,11.1,4357.73,15012.1904296875
2021-09-21,11.449999999999998,4354.19,15027.76953125
2021-09-22,20.033333333333335,4395.64,15176.509765625
2021-09-23,24.5,4448.98,15316.580078125
2021-09-24,23.83333333333334,4455.48,15329.6796875
2021-09-27,24.766666666666666,4443.11,15204.8203125
2021-09-28,12.466666666666669,4352.63,14770.2998046875
2021-09-29,12.483333333333334,4359.46,14752.8896484375
2021-09-30,9.966666666666669,4307.54,14689.6201171875
2021-10-01,18.333333333333332,4357.04,14791.8701171875
2021-10-04,9.500000000000002,4300.46,14472.1201171875
2021-10-05,18.766666666666666,4345.72,14674.150390625
2021-10-06,20.066666666666663,4363.55,14766.75
2021-10-07,24.600000000000005,4399.76,14897.1298828125
2021-10-08,25.26666666666667,4391.34,14820.75
2021-10-11,25.9,4361.19,14713.73046875
2021-10-12,22.7,4350.65,14662.1103515625
2021-10-13,24.100000000000005,4363.8,14774.599609375
2021-10-14,31.833333333333332,4438.26,15052.419921875
2021-10-15,43.63333333333333,4471.37,15146.919921875
2021-10-18,46.56666666666666,4486.46,15300.8896484375
2021-10-19,53.400000000000006,4519.63,15410.7197265625
2021-10-20,56.56666666666667,4536.19,15388.7099609375
2021-10-21,60.2,4549.78,15489.58984375
2021-10-22,59.5,4544.9,15355.0703125
2021-10-25,62.96666666666667,4566.48,15514.1904296875
2021-10-26,63.03333333333334,4574.79,15559.490234375
2021-10-27,58.333333333333336,4551.68,15598.3896484375
2021-10-28,64.4,4596.42,15778.16015625
2021-10-29,65.43333333333334,4605.38,15850.4697265625
2021-11-01,66.13333333333334,4613.67,15905.2802734375
2021-11-02,68.26666666666667,4630.65,15972.490234375
2021-11-03,72.2,4660.57,16144.5
2021-11-04,72.43333333333334,4680.06,16346.240234375
2021-11-05,73.60000000000001,4697.53,16359.3798828125
2021-11-08,74.53333333333335,4701.7,16336.0302734375
2021-11-09,77.17142857142858,4685.25,16219.9404296875
2021-11-10,73.08571428571429,4646.71,15985.5703125
2021-11-11,72.22857142857143,4649.27,16032.4697265625
2021-11-12,74.0,4682.85,16199.8896484375
2021-11-15,71.62857142857145,4682.8,16189.1201171875
2021-11-16,72.48571428571428,4700.9,16309.76953125
2021-11-17,69.2,4688.67,16308.0703125
2021-11-18,70.14285714285715,4704.54,16482.970703125
2021-11-19,62.77142857142859,4697.96,16573.33984375
2021-11-22,60.0,4682.94,16380.98046875
2021-11-23,60.371428571428574,4690.7,16306.7197265625
2021-11-24,56.94285714285714,4701.46,16367.8095703125
2021-11-26,31.25714285714286,4594.62,16025.580078125
2021-11-29,38.114285714285714,4655.27,16399.240234375
2021-11-30,24.771428571428572,4567.0,16135.919921875
2021-12-01,25.357142857142858,4513.04,15877.7197265625
2021-12-02,22.928571428571427,4577.1,15990.759765625
2021-12-03,20.157142857142865,4538.43,15712.0400390625
2021-12-06,21.25714285714286,4591.67,15846.16015625
2021-12-07,37.88571428571429,4686.75,16325.66015625
2021-12-08,41.31428571428573,4701.21,16394.33984375
2021-12-09,36.85714285714287,4667.45,16149.5703125
2021-12-10,42.0,4712.02,16331.98046875
2021-12-13,35.4,4668.97,16082.5498046875
2021-12-14,31.542857142857144,4634.09,15914.900390625
2021-12-15,37.8,4709.85,16289.58984375
2021-12-16,33.57142857142858,4668.67,15863.9404296875
2021-12-17,32.51428571428572,4620.64,15801.4599609375
2021-12-20,29.428571428571427,4568.02,15627.6396484375
2021-12-21,34.028571428571425,4649.23,15986.2802734375
2021-12-22,39.542857142857144,4696.56,16180.1396484375
2021-12-23,50.48571428571428,4725.79,16308.2099609375
2021-12-27,56.39999999999999,4791.19,16567.5
2021-12-28,62.971428571428575,4786.35,16488.66015625
2021-12-29,64.02857142857144,4793.06,16491.009765625
2021-12-30,63.97142857142858,4778.73,16429.099609375
2021-12-31,62.54285714285715,4766.18,16320.080078125
2022-01-03,65.22857142857144,4796.56,16501.76953125
2022-01-04,64.25714285714285,4793.54,16279.73046875
2022-01-05,51.02857142857143,4700.58,15771.7802734375
2022-01-06,52.142857142857146,4696.05,15765.3603515625
2022-01-07,49.25714285714287,4677.03,15592.1904296875
2022-01-10,51.142857142857146,4670.29,15614.4296875
2022-01-11,56.114285714285714,4713.07,15844.1201171875
2022-01-12,55.94285714285714,4726.35,15905.099609375
2022-01-13,52.17142857142857,4659.03,15495.6201171875
2022-01-14,55.8,4662.85,15611.58984375
2022-01-18,53.714285714285715,4577.11,15210.759765625
2022-01-19,44.82857142857143,4532.76,15047.83984375
2022-01-20,39.142857142857146,4482.73,14846.4599609375
2022-01-21,26.728571428571428,4397.94,14438.400390625
2022-01-24,23.128571428571433,4410.13,14509.580078125
2022-01-25,20.88571428571429,4356.45,14149.1201171875
2022-01-26,19.514285714285716,4349.93,14172.759765625
2022-01-27,18.6,4326.51,14003.1103515625
2022-01-28,23.857142857142858,4431.85,14454.6103515625
2022-01-31,29.200000000000006,4515.55,14930.0498046875
2022-02-01,30.800000000000004,4546.54,15019.6796875
2022-02-02,28.800000000000004,4589.38,15139.740234375
2022-02-03,26.057142857142857,4477.44,14501.1103515625
2022-02-04,27.6,4500.53,14694.349609375
2022-02-07,27.914285714285715,4483.87,14571.25
2022-02-08,28.942857142857143,4521.54,14747.0302734375
2022-02-09,32.65714285714286,4587.18,15056.9599609375
2022-02-10,33.6,4504.08,14705.6396484375
2022-02-11,28.48571428571429,4418.64,14253.83984375
2022-02-14,25.685714285714287,4401.67,14268.58984375
2022-02-15,29.97142857142857,4471.07,14620.8203125
2022-02-16,32.08571428571428,4475.01,14603.6396484375
2022-02-17,32.457142857142856,4380.26,14171.740234375
2022-02-18,29.514285714285716,4348.87,14009.5400390625
2022-02-22,28.771428571428572,4304.76,13870.5302734375
2022-02-23,18.814285714285713,4225.5,13509.4296875
2022-02-24,21.228571428571428,4288.7,13974.669921875
2022-02-25,28.142857142857142,4384.65,14189.16015625
2022-02-28,25.47142857142857,4373.94,14237.8095703125
2022-03-01,22.97142857142857,4306.26,14005.990234375
2022-03-02,17.82857142857143,4386.54,14243.6904296875
2022-03-03,21.72857142857143,4363.49,14035.2099609375
2022-03-04,18.17142857142857,4328.87,13837.830078125
2022-03-07,16.9,4201.09,13319.3798828125
2022-03-08,16.67142857142857,4170.7,13267.6103515625
2022-03-09,18.028571428571432,4277.88,13742.2001953125
2022-03-10,17.95714285714286,4259.52,13591.0
2022-03-11,19.057142857142857,4204.31,13301.830078125
2022-03-14,17.5,4173.11,13046.6396484375
2022-03-15,21.857142857142858,4262.45,13458.5595703125
2022-03-16,25.25714285714286,4357.86,13956.7900390625
2022-03-17,33.62857142857143,4411.67,14118.599609375
2022-03-18,38.42857142857143,4463.12,14420.080078125
2022-03-21,40.971428571428575,4461.18,14376.08984375
2022-03-22,44.542857142857144,4511.61,14654.330078125
2022-03-23,45.2,4456.24,14447.5498046875
2022-03-24,46.91428571428571,4520.16,14765.6904296875
2022-03-25,49.371428571428574,4543.06,14754.3095703125
2022-03-28,51.25714285714286,4575.52,14987.400390625
2022-03-29,52.714285714285715,4631.6,15239.3203125
2022-03-30,52.8,4602.45,15071.5498046875
2022-03-31,59.2,4530.41,14838.490234375
2022-04-01,59.8,4545.86,14861.2099609375
2022-04-04,61.65714285714286,4582.64,15159.580078125
2022-04-05,47.91428571428571,4525.12,14820.6396484375
2022-04-06,46.4,4481.15,14498.8896484375
2022-04-07,46.82857142857142,4500.21,14531.8095703125
2022-04-08,46.08571428571429,4488.28,14327.259765625
2022-04-11,43.4,4412.53,13990.2099609375
2022-04-12,42.05714285714286,4397.45,13940.240234375
2022-04-13,41.8,4446.59,14217.2900390625
2022-04-14,39.857142857142854,4392.59,13893.2099609375
2022-04-18,37.6,4391.69,13910.759765625
2022-04-19,39.628571428571426,4462.21,14210.259765625
2022-04-20,43.31428571428571,4459.45,13998.5302734375
2022-04-21,38.94285714285714,4393.66,13720.4501953125
2022-04-22,31.62857142857143,4271.78,13356.8701171875
2022-04-25,29.97142857142857,4296.12,13533.2197265625
2022-04-26,17.900000000000002,4175.2,13009.7099609375
2022-04-27,16.271428571428572,4183.96,13003.3603515625
2022-04-28,24.25714285714286,4287.5,13456.0595703125
2022-04-29,14.328571428571427,4131.93,12854.7998046875
2022-05-02,13.27142857142857,4155.38,13075.849609375
2022-05-03,30.485714285714288,4175.48,13089.900390625
2022-05-04,22.4,4300.17,13535.7099609375
2022-05-05,13.128571428571432,4146.87,12850.5498046875
2022-05-06,12.242857142857146,4123.34,12693.5302734375
2022-05-09,8.185714285714285,3991.24,12187.7197265625
2022-05-10,7.4,4001.05,12345.8603515625
2022-05-11,4.028571428571429,3935.18,11967.5595703125
2022-05-12,3.2,3930.08,11945.5
2022-05-13,11.285714285714286,4023.89,12387.400390625
2022-05-16,11.742857142857144,4008.01,12243.580078125
2022-05-17,15.2,4088.85,12564.099609375
2022-05-18,6.6000000000000005,3923.68,11928.3095703125
2022-05-19,13.714285714285714,3900.79,11875.6298828125
2022-05-20,12.657142857142858,3901.36,11835.6201171875
2022-05-23,17.885714285714283,3973.75,12034.2802734375
2022-05-24,16.0,3941.48,11769.83984375
2022-05-25,17.571428571428573,3978.73,11943.9296875
2022-05-26,24.114285714285717,4057.84,12276.7900390625
2022-05-27,29.542857142857144,4158.24,12681.419921875
2022-05-31,40.057142857142864,4132.15,12642.099609375
2022-06-01,40.60000000000001,4101.23,12548.3603515625
2022-06-02,44.82857142857143,4176.82,12892.8896484375
2022-06-03,35.45714285714286,4108.54,12548.0302734375
2022-06-06,42.8,4121.43,12599.6298828125
2022-06-07,45.62857142857143,4160.68,12711.6796875
2022-06-08,48.11428571428571,4115.77,12615.1298828125
2022-06-09,47.05714285714286,4017.82,12269.7802734375
2022-06-10,40.00000000000001,3900.86,11832.8203125
2022-06-13,25.085714285714293,3749.63,11288.3203125
2022-06-14,20.528571428571432,3735.48,11311.6904296875
2022-06-15,29.25714285714286,3789.99,11593.76953125
2022-06-16,17.700000000000003,3666.77,11127.5703125
2022-06-17,16.92857142857143,3674.84,11265.990234375
2022-06-21,19.728571428571428,3764.79,11546.759765625
2022-06-22,26.885714285714283,3759.89,11527.7099609375
2022-06-23,26.742857142857144,3795.73,11697.6796875
2022-06-24,30.85714285714286,3911.74,12105.849609375
2022-06-27,30.771428571428572,3900.11,12008.240234375
2022-06-28,28.142857142857142,3821.55,11637.76953125
2022-06-29,26.542857142857144,3818.83,11658.259765625
2022-06-30,24.371428571428577,3785.38,11503.7197265625
2022-07-01,24.571428571428573,3825.33,11585.6796875
2022-07-05,22.171428571428574,3831.39,11779.900390625
2022-07-06,22.828571428571426,3845.08,11852.58984375
2022-07-07,27.6,3902.62,12109.0498046875
2022-07-08,31.342857142857145,3899.38,12125.6904296875
2022-07-11,30.37142857142857,3854.43,11860.2802734375
2022-07-12,30.314285714285713,3818.8,11744.990234375
2022-07-13,27.28571428571428,3801.78,11728.5302734375
2022-07-14,26.514285714285716,3790.38,11768.400390625
2022-07-15,33.285714285714285,3863.16,11983.6201171875
2022-07-18,35.885714285714286,3830.85,11877.5
2022-07-19,39.31428571428571,3936.69,12249.419921875
2022-07-20,44.08571428571429,3959.9,12439.6796875
2022-07-21,48.2,3998.95,12619.41015625
2022-07-22,42.42857142857143,3961.63,12396.4697265625
2022-07-25,42.2,3966.84,12328.41015625
2022-07-26,42.0,3921.05,12086.900390625
2022-07-27,46.628571428571426,4023.61,12601.4697265625
2022-07-28,48.48571428571429,4072.43,12717.8701171875
2022-07-29,52.4,4130.29,12947.9697265625
2022-08-01,59.08571428571429,4118.63,12940.7802734375
2022-08-02,57.371428571428574,4091.19,12901.599609375
2022-08-03,60.25714285714286,4155.17,13253.259765625
2022-08-04,61.51428571428571,4151.94,13311.0400390625
2022-08-05,63.31428571428573,4145.19,13207.6904296875
2022-08-08,64.74285714285715,4140.06,13159.16015625
2022-08-09,64.45714285714286,4122.47,13008.169921875
2022-08-10,65.11428571428571,4210.24,13378.3203125
2022-08-11,65.82857142857144,4207.27,13291.990234375
2022-08-12,68.02857142857144,4280.15,13565.8701171875
2022-08-15,66.82857142857144,4297.14,13667.1796875
2022-08-16,67.94285714285715,4305.2,13635.2099609375
2022-08-17,67.14285714285715,4274.04,13470.8603515625
2022-08-18,66.37142857142858,4283.74,13505.990234375
2022-08-19,63.714285714285715,4228.48,13242.900390625
2022-08-22,60.31428571428573,4137.99,12890.5400390625
2022-08-23,57.42857142857144,4128.73,12881.7900390625
2022-08-24,57.51428571428571,4140.77,12917.8603515625
2022-08-25,58.25714285714287,4199.12,13143.580078125
2022-08-26,55.74285714285714,4057.66,12605.169921875
2022-08-29,54.285714285714285,4030.61,12484.3203125
2022-08-30,49.8,3986.16,12342.7001953125
2022-08-31,52.08571428571429,3955.0,12272.0302734375
2022-09-01,49.371428571428574,3966.85,12274.6201171875
2022-09-02,42.457142857142856,3924.26,12098.4404296875
2022-09-06,40.62857142857143,3908.19,12011.3095703125
2022-09-07,39.62857142857143,3979.87,12259.3896484375
2022-09-08,40.371428571428574,4006.18,12321.1904296875
2022-09-09,43.8,4067.36,12588.2900390625
2022-09-12,47.6,4110.41,12739.7197265625
2022-09-13,36.62857142857143,3932.69,12033.6201171875
2022-09-14,41.885714285714286,3946.01,12134.400390625
2022-09-15,40.65714285714286,3901.35,11927.490234375
2022-09-16,35.285714285714285,3873.33,11861.3798828125
2022-09-19,36.31428571428571,3899.89,11953.26953125
2022-09-20,36.114285714285714,3855.93,11851.5400390625
2022-09-21,27.21428571428571,3789.93,11637.7900390625
2022-09-22,24.48571428571429,3757.99,11501.650390625
2022-09-23,21.685714285714287,3693.23,11311.240234375
2022-09-26,17.62857142857143,3655.04,11254.1103515625
2022-09-27,16.514285714285716,3647.29,11271.75
2022-09-28,17.02857142857143,3719.04,11493.830078125
2022-09-29,13.257142857142858,3640.47,11164.7802734375
2022-09-30,16.45714285714286,3585.62,10971.2197265625
2022-10-03,20.38571428571429,3678.43,11229.73046875
2022-10-04,27.88571428571429,3790.93,11582.5400390625
2022-10-05,29.714285714285715,3783.28,11573.1796875
2022-10-06,23.142857142857142,3744.52,11485.5
2022-10-07,19.67142857142857,3639.66,11039.4697265625
2022-10-10,19.4,3612.39,10926.9697265625
2022-10-11,16.885714285714283,3588.84,10791.349609375
2022-10-12,15.942857142857145,3577.03,10785.6201171875
2022-10-13,19.37142857142857,3669.91,11033.580078125
2022-10-14,16.45714285714286,3583.07,10692.0595703125
2022-10-17,23.4,3677.95,11062.5302734375
2022-10-18,28.800000000000004,3719.98,11147.740234375
2022-10-19,29.428571428571427,3695.16,11103.3798828125
2022-10-20,39.08571428571429,3665.78,11046.7099609375
2022-10-21,43.74285714285715,3752.75,11310.330078125
2022-10-24,47.22857142857142,3797.34,11430.259765625
2022-10-25,51.371428571428574,3859.11,11669.990234375
2022-10-26,53.8,3830.6,11405.900390625
2022-10-27,54.57142857142857,3807.3,11191.6298828125
2022-10-28,57.114285714285714,3901.06,11546.2099609375
2022-10-31,64.05714285714286,3871.98,11405.5703125
2022-11-01,63.51428571428572,3856.1,11288.9501953125
2022-11-02,55.285714285714285,3759.69,10906.33984375
2022-11-03,55.51428571428572,3719.89,10690.599609375
2022-11-04,56.51428571428572,3770.55,10857.0302734375
2022-11-07,59.65714285714286,3806.8,10977.0
2022-11-08,57.94285714285714,3828.11,11059.5
2022-11-09,54.0,3748.57,10797.5498046875
2022-11-10,60.34285714285714,3956.37,11605.9599609375
2022-11-11,63.74285714285713,3992.93,11817.009765625
2022-11-14,62.68571428571429,3957.25,11700.9404296875
2022-11-15,66.91428571428573,3991.73,11871.150390625
2022-11-16,65.08571428571427,3958.79,11699.08984375
2022-11-17,61.48571428571429,3946.56,11676.8603515625
2022-11-18,60.34285714285715,3965.34,11677.01953125
2022-11-21,60.97142857142857,3949.94,11553.4501953125
2022-11-22,60.8,4003.58,11724.83984375
2022-11-23,64.25714285714285,4027.26,11838.7197265625
2022-11-25,63.08571428571429,4026.12,11756.0302734375
2022-11-28,59.74285714285715,3963.94,11587.75
2022-11-29,58.17142857142857,3957.63,11503.4501953125
2022-11-30,73.97142857142856,4080.11,12030.0595703125
2022-12-01,75.60000000000001,4076.57,12041.8896484375
2022-12-02,68.14285714285714,4071.7,11994.259765625
2022-12-05,65.08571428571429,3998.84,11786.7998046875
2022-12-06,61.82857142857144,3941.26,11549.6904296875
2022-12-07,58.42857142857143,3933.92,11497.3896484375
2022-12-08,55.6857142857143,3963.51,11637.5
2022-12-09,52.08571428571428,3934.38,11563.330078125
2022-12-12,57.2,3990.56,11706.4404296875
2022-12-13,59.17142857142858,4019.65,11834.2099609375
2022-12-14,60.94285714285714,3995.32,11740.919921875
2022-12-15,60.142857142857146,3895.75,11345.2197265625
2022-12-16,44.142857142857146,3852.36,11243.7197265625
2022-12-19,39.971428571428575,3817.66,11084.58984375
2022-12-20,38.31428571428573,3821.62,11072.419921875
2022-12-21,38.542857142857144,3878.44,11235.8798828125
2022-12-22,37.0,3822.39,10956.1396484375
2022-12-23,39.51428571428572,3844.82,10985.4501953125
2022-12-27,39.94285714285714,3829.25,10822.509765625
2022-12-28,35.51428571428572,3783.22,10679.33984375
2022-12-29,37.142857142857146,3849.28,10951.0498046875
2022-12-30,36.51428571428571,3839.5,10939.759765625
2023-01-03,36.6,3824.14,10862.6396484375
2023-01-04,39.857142857142854,3852.97,10914.7998046875
2023-01-05,44.17142857142858,3808.1,10741.2197265625
2023-01-06,45.714285714285715,3895.08,11040.349609375
2023-01-09,47.2,3892.09,11108.4501953125
2023-01-10,49.65714285714286,3919.25,11205.7802734375
2023-01-11,54.228571428571435,3969.61,11402.51953125
2023-01-12,56.68571428571429,3983.17,11459.6103515625
2023-01-13,61.31428571428571,3999.09,11541.48046875
2023-01-17,64.14285714285714,3990.97,11557.1904296875
2023-01-18,58.42857142857143,3928.86,11410.2900390625
2023-01-19,55.42857142857144,3898.85,11295.669921875
2023-01-20,58.542857142857144,3972.61,11619.0302734375
2023-01-23,63.60000000000001,4019.81,11872.5400390625
2023-01-24,63.0,4016.95,11846.6396484375
2023-01-25,63.88571428571429,4016.22,11814.6904296875
2023-01-26,68.02857142857144,4060.43,12051.48046875
2023-01-27,69.2,4070.56,12166.599609375
2023-01-30,67.45714285714287,4017.77,11912.3896484375
2023-01-31,70.34285714285716,4076.6,12101.9296875
2023-02-01,82.17142857142858,4119.21,12363.099609375
2023-02-02,75.2,4179.76,12803.1396484375
2023-02-03,76.14285714285714,4136.48,12573.3603515625
2023-02-06,75.91428571428573,4111.08,12464.509765625
2023-02-07,76.34285714285714,4164.0,12728.26953125
2023-02-08,74.62857142857142,4117.86,12495.3798828125
2023-02-09,72.62857142857143,4081.5,12381.169921875
2023-02-10,72.4857142857143,4090.46,12304.919921875
2023-02-13,71.82857142857144,4137.29,12502.3095703125
2023-02-14,73.25714285714287,4136.13,12590.8896484375
2023-02-15,73.65714285714284,4147.6,12687.8896484375
2023-02-16,70.71428571428572,4090.41,12442.48046875
2023-02-17,69.48571428571428,4079.09,12358.1796875
2023-02-21,65.91428571428573,3997.34,12060.2998046875
2023-02-22,64.17142857142859,3991.05,12066.26953125
2023-02-23,62.65714285714285,4012.32,12180.1396484375
2023-02-24,60.65714285714286,3970.04,11969.650390625
2023-02-27,61.22857142857144,3982.24,12057.7900390625
2023-02-28,61.2,3970.15,12042.1201171875
2023-03-01,65.91428571428573,3951.39,11938.5703125
2023-03-02,52.45714285714287,3981.35,12044.8701171875
2023-03-03,55.6857142857143,4045.64,12290.8095703125
2023-03-06,55.25714285714285,4048.42,12302.48046875
2023-03-07,48.51428571428571,3986.37,12152.169921875
2023-03-08,49.82857142857143,3992.01,12215.330078125
2023-03-09,37.542857142857144,3918.32,11995.8798828125
2023-03-10,26.885714285714283,3861.59,11830.2802734375
2023-03-13,23.357142857142858,3855.76,11923.169921875
2023-03-14,25.085714285714285,3919.29,12199.7900390625
2023-03-15,22.685714285714287,3891.93,12251.3203125
2023-03-16,32.57142857142857,3960.28,12581.3896484375
2023-03-17,27.000000000000004,3916.64,12519.8798828125
2023-03-20,30.42857142857143,3951.57,12562.6103515625
2023-03-21,43.48571428571429,4002.87,12741.4404296875
2023-03-22,41.028571428571425,3936.97,12567.150390625
2023-03-23,38.34285714285715,3948.72,12729.23046875
2023-03-24,37.714285714285715,3970.99,12767.0498046875
2023-03-27,40.2,3977.53,12673.0703125
2023-03-28,39.6,3971.27,12610.5703125
2023-03-29,41.457142857142856,4027.81,12846.0302734375
2023-03-30,45.228571428571435,4050.83,12963.1396484375
2023-03-31,49.48571428571429,4109.31,13181.349609375
2023-04-03,61.48571428571428,4124.51,13148.349609375
2023-04-04,50.228571428571435,4100.6,13100.080078125
2023-04-05,52.62857142857143,4090.38,12967.2001953125
2023-04-06,55.25714285714286,4105.02,13062.599609375
2023-04-10,57.91428571428572,4109.11,13051.23046875
2023-04-11,58.48571428571428,4108.94,12964.150390625
2023-04-12,60.74285714285714,4091.95,12848.349609375
2023-04-13,63.17142857142856,4146.22,13109.3896484375
2023-04-14,65.71428571428571,4137.64,13079.51953125
2023-04-17,67.08571428571429,4151.32,13087.7099609375
2023-04-18,65.4857142857143,4154.87,13091.7900390625
2023-04-19,67.25714285714287,4154.52,13088.7099609375
2023-04-20,64.05714285714285,4129.79,12985.98046875
2023-04-21,63.51428571428572,4133.52,13000.76953125
2023-04-24,63.48571428571429,4137.04,12969.759765625
2023-04-25,57.057142857142864,4071.63,12725.1103515625
2023-04-26,52.4,4055.99,12806.48046875
2023-04-27,58.31428571428573,4135.35,13160.0302734375
2023-04-28,59.42857142857143,4169.48,13245.990234375
2023-05-01,59.42857142857144,4167.87,13231.4697265625
2023-05-02,55.51428571428572,4119.58,13113.66015625
2023-05-03,54.62857142857143,4090.75,13030.2099609375
2023-05-04,49.6,4061.22,12982.48046875
2023-05-05,53.885714285714286,4136.25,13259.1298828125
2023-05-08,57.142857142857146,4138.12,13291.6396484375
2023-05-09,59.57142857142857,4119.17,13201.1103515625
2023-05-10,59.971428571428575,4137.64,13347.830078125
2023-05-11,59.057142857142864,4130.62,13389.7802734375
2023-05-12,57.34285714285715,4124.08,13340.1796875
2023-05-15,57.25714285714286,4136.28,13413.509765625
2023-05-16,55.28571428571429,4109.9,13426.009765625
2023-05-17,60.25714285714286,4158.77,13589.259765625
2023-05-18,64.91428571428573,4198.05,13834.6201171875
2023-05-19,65.45714285714287,4191.98,13803.490234375
2023-05-22,67.85714285714286,4192.63,13849.740234375
2023-05-23,65.8,4145.58,13672.5400390625
2023-05-24,61.82857142857143,4115.24,13604.48046875
2023-05-25,62.6857142857143,4151.28,13938.5302734375
2023-05-26,65.71428571428571,4205.45,14298.41015625
2023-05-30,66.08571428571429,4205.52,14354.990234375
2023-05-31,64.17142857142858,4179.83,14254.08984375
2023-06-01,68.05714285714286,4221.02,14441.509765625
2023-06-02,75.42857142857143,4282.37,14546.6396484375
2023-06-05,69.48571428571428,4273.79,14556.5
2023-06-06,73.51428571428572,4283.85,14558.08984375
2023-06-07,74.45714285714287,4267.52,14303.2900390625
2023-06-08,75.77142857142857,4293.93,14484.5400390625
2023-06-09,76.97142857142856,4298.86,14528.3603515625
2023-06-12,78.05714285714286,4338.93,14784.2998046875
2023-06-13,79.62857142857145,4369.01,14900.849609375
2023-06-14,79.62857142857142,4372.59,15005.6904296875
2023-06-15,80.88571428571429,4425.84,15185.48046875
2023-06-16,81.25714285714287,4409.59,15083.919921875
2023-06-20,80.11428571428571,4388.71,15070.150390625
2023-06-21,80.11428571428573,4365.69,14867.4501953125
2023-06-22,80.05714285714285,4381.89,15042.3203125
2023-06-23,75.71428571428571,4348.33,14891.48046875
2023-06-26,73.45714285714287,4328.82,14689.01953125
2023-06-27,75.48571428571428,4378.41,14945.91015625
2023-06-28,76.51428571428573,4376.86,14964.5703125
2023-06-29,79.20000000000002,4396.44,14939.9501953125
2023-06-30,79.4857142857143,4450.38,15179.2099609375
2023-07-03,82.22857142857143,4455.59,15208.6904296875
2023-07-05,79.25714285714287,4446.82,15203.7802734375
2023-07-06,77.91428571428573,4411.59,15089.4501953125
2023-07-07,77.68571428571428,4398.95,15036.849609375
2023-07-10,76.6857142857143,4409.53,15045.6396484375
2023-07-11,78.28571428571429,4439.26,15119.0595703125
2023-07-12,78.17142857142858,4472.16,15307.23046875
2023-07-13,79.39999999999999,4510.04,15571.98046875
2023-07-14,79.8,4505.42,15565.599609375
2023-07-17,80.02857142857142,4522.79,15713.2802734375
2023-07-18,81.68571428571428,4554.98,15841.349609375
2023-07-19,82.34285714285716,4565.72,15826.349609375
2023-07-20,80.85714285714286,4534.87,15466.08984375
2023-07-21,81.02857142857144,4536.34,15425.669921875
2023-07-24,82.51428571428572,4554.64,15448.01953125
2023-07-25,81.22857142857143,4567.46,15561.419921875
2023-07-26,80.60000000000001,4566.75,15499.259765625
2023-07-27,77.65714285714286,4537.41,15464.9296875
2023-07-28,76.91428571428573,4582.23,15750.9296875
2023-07-31,77.62857142857142,4588.96,15757.0
2023-08-01,77.34285714285716,4576.73,15718.009765625
2023-08-02,77.34285714285714,4513.39,15370.740234375
2023-08-03,73.62857142857145,4501.89,15353.5400390625
2023-08-04,64.5,4478.03,15274.919921875
2023-08-07,72.05714285714285,4518.44,15407.849609375
2023-08-08,69.2,4499.38,15273.0498046875
2023-08-09,67.31428571428572,4467.71,15101.7099609375
2023-08-10,66.34285714285714,4468.83,15128.83984375
2023-08-11,65.02857142857144,4464.05,15028.0703125
2023-08-14,66.28571428571429,4489.72,15205.58984375
2023-08-15,54.5,4437.86,15037.650390625
2023-08-16,49.48571428571428,4404.33,14876.4697265625
2023-08-17,46.142857142857146,4370.36,14715.8095703125
2023-08-18,43.65714285714286,4369.71,14694.83984375
2023-08-21,43.48571428571429,4399.77,14936.6904296875
2023-08-22,43.44285714285714,4387.55,14908.9599609375
2023-08-23,50.17142857142857,4436.01,15148.0595703125
2023-08-24,40.58571428571429,4376.31,14816.4404296875
2023-08-25,47.02857142857143,4405.71,14941.830078125
2023-08-28,45.285714285714285,4433.31,15052.4599609375
2023-08-29,49.17142857142857,4497.63,15376.5498046875
2023-08-30,50.42857142857143,4514.87,15462.4296875
2023-08-31,52.94285714285714,4507.66,15501.0703125
2023-09-01,55.028571428571425,4515.77,15490.8603515625
2023-09-05,59.08571428571428,4496.83,15508.240234375
2023-09-06,56.714285714285715,4465.48,15371.4404296875
2023-09-07,53.62857142857143,4451.14,15258.51953125
2023-09-08,51.91428571428571,4457.49,15280.23046875
2023-09-11,52.2,4487.46,15461.8701171875
2023-09-12,51.40000000000001,4461.9,15289.740234375
2023-09-13,51.40000000000001,4467.44,15348.5302734375
2023-09-14,54.42857142857144,4505.1,15473.8896484375
2023-09-15,52.02857142857143,4450.32,15202.400390625
2023-09-18,49.48571428571429,4453.53,15225.3701171875
2023-09-19,49.94285714285714,4443.95,15191.23046875
2023-09-20,48.285714285714285,4402.2,14969.919921875
2023-09-21,37.15714285714286,4330.0,14694.240234375
2023-09-22,33.15714285714286,4320.06,14701.099609375
2023-09-25,38.42857142857143,4337.44,14768.900390625
2023-09-26,24.22857142857143,4273.53,14545.830078125
2023-09-27,22.82857142857143,4274.51,14580.16015625
2023-09-28,29.0,4299.7,14702.76953125
2023-09-29,28.4,4288.05,14715.240234375
2023-10-02,28.314285714285713,4288.39,14837.5703125
2023-10-03,20.528571428571432,4229.45,14565.6201171875
2023-10-04,20.985714285714288,4263.75,14776.25
2023-10-05,20.32857142857143,4258.19,14723.2197265625
2023-10-06,27.714285714285715,4308.5,14973.240234375
2023-10-09,29.25714285714286,4335.66,15047.150390625
2023-10-10,32.31428571428572,4358.24,15131.51953125
2023-10-11,34.34285714285714,4376.95,15241.1201171875
2023-10-12,35.68571428571429,4349.61,15184.099609375
2023-10-13,26.271428571428572,4327.78,14995.1201171875
2023-10-16,35.74285714285715,4373.63,15172.73046875
2023-10-17,39.142857142857146,4373.2,15122.009765625
2023-10-18,30.571428571428573,4314.6,14909.259765625
2023-10-19,29.542857142857144,4278.0,14783.1298828125
2023-10-20,22.85714285714286,4224.16,14560.8798828125
2023-10-23,25.842857142857145,4217.04,14604.849609375
2023-10-24,33.48571428571429,4247.68,14745.8603515625
2023-10-25,25.214285714285715,4186.77,14381.6396484375
2023-10-26,22.71428571428572,4137.23,14109.5703125
2023-10-27,21.614285714285717,4117.37,14180.419921875
2023-10-30,29.2,4166.82,14335.509765625
2023-10-31,30.142857142857142,4193.8,14409.7802734375
2023-11-01,32.17142857142857,4237.86,14664.91015625
2023-11-02,37.68571428571429,4317.78,14919.5498046875
2023-11-03,36.114285714285714,4358.34,15099.490234375
2023-11-06,38.91428571428572,4365.98,15154.9296875
2023-11-07,39.628571428571426,4378.38,15296.01953125
2023-11-08,39.771428571428565,4382.78,15313.240234375
2023-11-09,41.0,4347.35,15187.900390625
2023-11-10,41.45714285714286,4415.24,15529.1201171875
2023-11-13,39.88571428571429,4411.55,15482.7900390625
2023-11-14,46.6,4495.7,15812.4697265625
2023-11-15,52.542857142857144,4502.88,15817.1796875
2023-11-16,55.057142857142864,4508.24,15833.169921875
2023-11-17,58.85714285714287,4514.02,15837.990234375
2023-11-20,61.28571428571429,4547.38,16027.0595703125
2023-11-21,61.17142857142858,4538.19,15933.6201171875
2023-11-22,65.05714285714286,4556.62,16001.3896484375
2023-11-24,66.85714285714286,4559.34,15982.009765625
2023-11-27,65.31428571428572,4550.43,15961.98046875
2023-11-28,65.08571428571429,4554.89,16010.4296875
2023-11-29,63.28571428571429,4550.58,15987.599609375
2023-11-30,64.37142857142858,4567.8,15947.8701171875
2023-12-01,64.51428571428572,4594.63,15997.580078125
2023-12-04,63.714285714285715,4569.78,15839.669921875
2023-12-05,65.14285714285714,4567.18,15877.7099609375
2023-12-06,63.97142857142857,4549.34,15788.0498046875
2023-12-07,66.14285714285715,4585.59,16022.490234375
2023-12-08,65.94285714285715,4604.37,16084.6904296875
2023-12-11,67.28571428571429,4622.44,16221.73046875
2023-12-12,67.88571428571429,4643.7,16354.25
2023-12-13,67.54285714285714,4707.09,16562.369140625
2023-12-14,70.54285714285716,4719.55,16537.830078125
2023-12-15,69.45714285714287,4719.19,16623.44921875
2023-12-18,70.48571428571428,4740.56,16729.80078125
2023-12-19,82.97142857142858,4768.37,16811.849609375
2023-12-20,75.57142857142857,4698.35,16554.16015625
2023-12-21,77.0,4746.75,16757.41015625
2023-12-22,79.74285714285715,4754.63,16777.400390625
2023-12-26,81.94285714285716,4774.75,16878.4609375
2023-12-27,81.17142857142858,4781.58,16906.80078125
2023-12-28,81.25714285714287,4783.35,16898.470703125
2023-12-29,80.71428571428571,4769.83,16825.9296875
2024-01-02,79.71428571428571,4742.83,16543.939453125
2024-01-03,76.71428571428571,4704.81,16368.490234375
2024-01-04,78.68571428571428,4688.68,16282.009765625
2024-01-05,75.77142857142859,4697.24,16305.98046875
2024-01-08,76.17142857142856,4763.54,16649.869140625
2024-01-09,75.68571428571428,4756.5,16678.69921875
2024-01-10,76.37142857142858,4783.45,16793.05078125
2024-01-11,74.65714285714286,4780.24,16820.900390625
2024-01-12,73.08571428571429,4783.83,16832.919921875
2024-01-16,72.28571428571429,4765.98,16830.7109375
2024-01-17,57.21428571428572,4739.21,16736.279296875
2024-01-18,66.45714285714286,4780.94,16982.2890625
2024-01-19,72.82857142857144,4839.81,17314.0
2024-01-22,72.85714285714286,4850.43,17330.380859375
2024-01-23,70.25714285714287,4864.6,17404.2109375
2024-01-24,72.48571428571428,4868.55,17499.30078125
2024-01-25,73.22857142857143,4894.16,17516.990234375
2024-01-26,73.79999999999998,4890.97,17421.009765625
2024-01-29,74.11428571428573,4927.93,17596.26953125
2024-01-30,74.22857142857143,4924.97,17476.7109375
2024-01-31,64.11428571428573,4845.65,17137.240234375
2024-02-01,72.34285714285714,4906.19,17344.7109375
2024-02-02,74.60000000000001,4958.61,17642.73046875
2024-02-05,73.31428571428572,4942.81,17613.0390625
2024-02-06,73.20000000000002,4954.23,17572.73046875
2024-02-07,73.77142857142857,4995.06,17755.0703125
2024-02-08,74.60000000000001,4997.91,17783.169921875
2024-02-09,75.42857142857143,5026.61,17962.41015625
2024-02-12,75.82857142857144,5021.84,17882.66015625
2024-02-13,66.74285714285715,4953.17,17600.419921875
2024-02-14,67.51428571428572,5000.62,17807.630859375
2024-02-15,73.85714285714286,5029.73,17845.720703125
2024-02-16,73.48571428571428,5005.57,17685.98046875
2024-02-20,63.74285714285715,4975.51,17546.099609375
2024-02-21,63.7,4981.8,17478.91015625
2024-02-22,73.94285714285715,5087.03,18004.69921875
2024-02-23,73.34285714285714,5088.8,17937.609375
2024-02-26,71.91428571428573,5069.53,17933.330078125
2024-02-27,75.77142857142859,5078.18,17971.05078125
2024-02-28,76.77142857142859,5069.76,17874.5
2024-02-29,77.45714285714287,5096.27,18043.849609375
2024-03-01,76.82857142857142,5137.08,18302.91015625
2024-03-04,79.22857142857143,5130.95,18226.48046875
2024-03-05,76.11428571428571,5078.65,17897.869140625
2024-03-06,72.54285714285714,5104.76,18017.5703125
2024-03-07,73.85714285714286,5157.36,18297.990234375
2024-03-08,70.02857142857144,5123.69,18018.44921875
2024-03-11,62.771428571428565,5117.94,17951.689453125
2024-03-12,72.2,5175.27,18219.109375
2024-03-13,71.77142857142857,5165.31,18068.470703125
2024-03-14,70.4,5150.48,18014.810546875
2024-03-15,68.62857142857143,5117.09,17808.25
2024-03-18,70.74285714285715,5149.42,17985.009765625
2024-03-19,70.85714285714286,5178.51,18032.19921875
2024-03-20,69.62857142857145,5224.62,18240.109375
2024-03-21,71.37142857142858,5241.53,18320.380859375
2024-03-22,69.51428571428572,5234.18,18339.439453125
2024-03-25,67.42857142857143,5218.19,18277.060546875
2024-03-26,67.91428571428573,5203.58,18210.5390625
2024-03-27,69.77142857142859,5248.49,18280.83984375
2024-03-28,68.77142857142857,5254.35,18254.689453125
2024-04-01,71.25714285714287,5243.77,18293.19921875
2024-04-02,71.14285714285715,5205.81,18121.779296875
2024-04-03,69.4,5211.49,18160.189453125
2024-04-04,53.8,5147.21,17878.779296875
2024-04-05,58.10000000000001,5204.34,18108.4609375
2024-04-08,64.02857142857144,5202.39,18100.189453125
2024-04-09,59.62857142857144,5209.91,18169.900390625
2024-04-10,49.67142857142858,5160.64,18011.66015625
2024-04-11,56.65714285714286,5199.06,18307.98046875
2024-04-12,45.01428571428572,5123.41,18003.490234375
2024-04-15,38.4,5061.82,17706.830078125
2024-04-16,35.11428571428572,5051.41,17713.66015625
2024-04-17,31.157142857142865,5022.21,17493.619140625
2024-04-18,30.40000000000001,5011.12,17394.310546875
2024-04-19,27.671428571428574,4967.23,17037.650390625
2024-04-22,34.17142857142857,5010.6,17210.890625
2024-04-23,36.57142857142857,5070.55,17471.470703125
2024-04-24,37.48571428571429,5071.63,17526.80078125
2024-04-25,39.08571428571429,5048.42,17430.5
2024-04-26,40.51428571428572,5099.96,17718.30078125
2024-04-29,42.42857142857143,5116.17,17782.720703125
2024-04-30,40.542857142857144,5035.69,17440.689453125
2024-05-01,40.51428571428572,5018.39,17318.55078125
2024-05-02,42.228571428571435,5064.2,17541.5390625
2024-05-03,43.25714285714286,5127.79,17890.80078125
2024-05-06,39.0,5180.74,18093.5703125
2024-05-07,37.17142857142858,5187.7,18091.44921875
2024-05-08,38.17142857142857,5187.67,18085.009765625
2024-05-09,42.228571428571435,5214.08,18113.4609375
2024-05-10,46.028571428571425,5222.68,18161.1796875
2024-05-13,48.114285714285714,5221.42,18198.609375
2024-05-14,55.285714285714285,5246.68,18322.76953125
2024-05-15,59.371428571428574,5308.15,18596.650390625
2024-05-16,62.31428571428573,5297.1,18557.9609375
2024-05-17,62.8,5303.27,18546.23046875
2024-05-20,60.42857142857143,5308.13,18674.189453125
2024-05-21,59.42857142857143,5321.41,18713.80078125
2024-05-22,58.51428571428572,5307.01,18705.19921875
2024-05-23,52.37142857142857,5267.84,18623.390625
2024-05-24,51.74285714285714,5304.72,18808.349609375
2024-05-28,54.68571428571427,5306.04,18869.439453125
2024-05-29,49.971428571428575,5266.95,18736.75
2024-05-30,45.08571428571429,5235.48,18538.66015625
2024-05-31,48.42857142857144,5277.51,18536.650390625
2024-06-03,45.48571428571429,5283.4,18600.970703125
2024-06-04,47.628571428571426,5291.34,18654.83984375
2024-06-05,51.142857142857146,5354.03,19035.05078125
2024-06-06,45.31428571428571,5352.96,19021.189453125
2024-06-07,43.4,5346.99,19000.94921875
2024-06-10,44.74285714285715,5360.79,19074.669921875
2024-06-11,44.4,5375.32,19210.1796875
2024-06-12,46.57142857142857,5421.03,19465.1796875
2024-06-13,44.57142857142858,5433.74,19576.919921875
2024-06-14,41.11428571428572,5431.6,19659.80078125
2024-06-17,43.285714285714285,5473.23,19902.75
2024-06-18,41.28571428571429,5487.03,19908.859375
2024-06-20,38.714285714285715,5473.17,19752.30078125
2024-06-21,39.05714285714286,5464.62,19700.4296875
2024-06-24,37.77142857142858,5447.87,19474.619140625
2024-06-25,37.285714285714285,5469.3,19701.130859375
2024-06-26,40.88571428571429,5477.9,19751.05078125
2024-06-27,45.51428571428571,5482.87,19789.029296875
2024-06-28,44.31428571428571,5460.48,19682.869140625
2024-07-01,47.94285714285714,5475.09,19812.220703125
2024-07-02,49.74285714285714,5509.01,20011.890625
2024-07-03,48.371428571428574,5537.02,20186.630859375
2024-07-05,49.714285714285715,5567.19,20391.970703125
2024-07-08,51.057142857142864,5572.85,20439.5390625
2024-07-09,50.57142857142856,5576.98,20453.01953125
2024-07-10,54.60000000000001,5633.91,20675.380859375
2024-07-11,49.4,5584.54,20211.359375
2024-07-12,54.371428571428574,5615.35,20331.490234375
2024-07-15,57.74285714285715,5631.22,20386.880859375
2024-07-16,57.02857142857143,5667.2,20398.619140625
2024-07-17,46.114285714285714,5588.27,19799.140625
2024-07-18,45.94285714285714,5544.59,19705.08984375
2024-07-19,43.0,5505.0,19522.619140625
2024-07-22,48.42857142857144,5564.41,19822.869140625
2024-07-23,46.857142857142854,5555.74,19754.33984375
2024-07-24,38.614285714285714,5427.13,19032.390625
2024-07-25,39.07142857142857,5399.22,18830.580078125
2024-07-26,42.542857142857144,5459.1,19023.66015625
2024-07-29,42.07142857142857,5463.54,19059.490234375
2024-07-30,40.8,5436.44,18796.26953125
2024-07-31,46.885714285714286,5522.3,19362.4296875
2024-08-01,42.68571428571429,5446.68,18890.390625
2024-08-02,41.385714285714286,5346.56,18440.849609375
2024-08-05,33.05714285714286,5186.33,17895.16015625
2024-08-06,19.014285714285712,5240.03,18077.919921875
2024-08-07,16.557142857142857,5199.5,17867.369140625
2024-08-08,17.65714285714286,5319.31,18413.8203125
2024-08-09,24.085714285714285,5344.16,18513.099609375
2024-08-12,23.8,5344.39,18542.029296875
2024-08-13,25.514285714285712,5434.43,19006.4296875
2024-08-14,26.42857142857143,5455.21,19022.6796875
2024-08-15,32.37142857142857,5543.22,19490.150390625
2024-08-16,33.74285714285715,5554.25,19508.51953125
2024-08-19,39.88571428571429,5608.25,19766.490234375
2024-08-20,44.68571428571429,5597.12,19719.8203125
2024-08-21,50.228571428571435,5620.85,19824.83984375
2024-08-22,46.77142857142858,5570.64,19491.83984375
2024-08-23,51.57142857142857,5634.61,19720.869140625
2024-08-26,52.94285714285714,5616.84,19516.439453125
2024-08-27,52.28571428571429,5625.8,19581.51953125
2024-08-28,51.08571428571429,5592.18,19350.779296875
2024-08-29,56.057142857142864,5591.96,19325.44921875
2024-08-30,60.31428571428573,5648.4,19574.640625
2024-09-03,56.34285714285714,5528.93,18958.740234375
2024-09-04,56.62857142857143,5520.07,18921.400390625
2024-09-05,50.62857142857143,5503.41,18930.330078125
2024-09-06,39.34285714285715,5408.42,18421.310546875
2024-09-09,41.971428571428575,5471.05,18660.779296875
2024-09-10,39.6857142857143,5495.52,18829.140625
2024-09-11,43.08571428571429,5554.13,19237.30078125
2024-09-12,42.97142857142857,5595.76,19423.0703125
2024-09-13,48.62857142857143,5626.02,19514.58984375
2024-09-16,50.31428571428571,5633.09,19423.060546875
2024-09-17,54.62857142857143,5634.58,19432.400390625
2024-09-18,55.17142857142858,5618.26,19344.490234375
2024-09-19,63.80000000000001,5713.64,19839.830078125
2024-09-20,61.2,5702.55,19791.490234375
2024-09-23,63.85714285714287,5718.57,19852.19921875
2024-09-24,66.42857142857143,5732.93,19944.83984375
2024-09-25,65.74285714285715,5722.26,19972.609375
2024-09-26,70.74285714285713,5745.37,20115.5390625
2024-09-27,67.31428571428572,5738.17,20008.619140625
2024-09-30,73.6857142857143,5762.48,20060.689453125
2024-10-01,70.31428571428572,5708.75,19773.30078125
2024-10-02,70.57142857142857,5709.54,19802.58984375
2024-10-03,69.42857142857143,5699.94,19793.33984375
2024-10-04,71.4,5751.07,20035.01953125
2024-10-07,70.82857142857144,5695.94,19800.740234375
2024-10-08,71.17142857142856,5751.13,20107.779296875
2024-10-09,71.14285714285715,5792.04,20268.859375
2024-10-10,70.28571428571429,5780.05,20241.759765625
2024-10-11,71.65714285714286,5815.03,20271.970703125
2024-10-14,74.22857142857143,5859.85,20439.05078125
2024-10-15,71.14285714285715,5815.26,20159.830078125
2024-10-16,69.02857142857142,5842.47,20174.05078125
2024-10-17,68.57142857142857,5841.47,20190.419921875
2024-10-18,72.42857142857143,5864.67,20324.0390625
2024-10-21,69.8,5853.98,20361.470703125
2024-10-22,70.37142857142858,5851.2,20390.4609375
2024-10-23,63.2,5797.42,20066.9609375
2024-10-24,62.94285714285714,5809.86,20232.869140625
2024-10-25,58.74285714285715,5808.12,20352.01953125
2024-10-28,60.85714285714287,5823.52,20351.0703125
2024-10-29,60.057142857142864,5832.92,20550.650390625
2024-10-30,57.2,5813.67,20387.69921875
2024-10-31,40.45714285714286,5705.45,19890.419921875
2024-11-01,50.48571428571429,5728.8,20033.140625
2024-11-04,42.42857142857143,5712.69,19963.599609375
2024-11-05,43.54285714285715,5782.76,20227.4609375
2024-11-06,44.0,5929.04,20781.330078125
2024-11-07,59.05714285714286,5973.1,21101.5703125
2024-11-08,59.42857142857144,5995.54,21117.1796875
2024-11-11,66.6,6001.35,21106.58984375
2024-11-12,66.71428571428571,5983.99,21070.7890625
2024-11-13,66.31428571428572,5985.38,21036.16015625
2024-11-14,60.31428571428573,5949.17,20896.669921875
2024-11-15,51.2,5870.62,20394.130859375
2024-11-18,50.285714285714285,5893.62,20539.189453125
2024-11-19,49.51428571428572,5916.98,20684.58984375
2024-11-20,49.51428571428572,5917.11,20667.099609375
2024-11-21,56.60000000000001,5948.71,20740.779296875
2024-11-22,60.71428571428572,5969.34,20776.23046875
2024-11-25,62.88571428571429,5987.37,20804.890625
2024-11-26,65.91428571428573,6021.63,20922.900390625
2024-11-27,64.4,5998.74,20744.490234375
2024-11-29,65.0,6032.38,20930.369140625
2024-12-02,65.31428571428572,6047.15,21164.599609375
2024-12-03,59.57142857142858,6049.88,21229.3203125
2024-12-04,57.48571428571429,6086.49,21492.359375
2024-12-05,54.91428571428572,6075.11,21425.220703125
2024-12-06,52.142857142857146,6090.27,21622.25
2024-12-09,49.25714285714287,6052.85,21440.8203125
2024-12-10,46.971428571428575,6034.91,21368.1796875
2024-12-11,49.2,6084.19,21763.98046875
2024-12-12,47.114285714285714,6051.25,21615.26953125
2024-12-13,49.114285714285714,6051.09,21780.25
2024-12-16,56.057142857142864,6074.08,22096.66015625
2024-12-17,51.4,6050.61,22001.080078125
2024-12-18,33.12857142857143,5872.16,21209.3203125
2024-12-19,19.514285714285716,5867.08,21110.509765625
2024-12-20,27.600000000000005,5930.85,21289.150390625
2024-12-23,30.142857142857142,5974.07,21503.169921875
2024-12-24,34.51428571428571,6040.04,21797.650390625
2024-12-26,34.17142857142857,6037.59,21768.310546875
2024-12-27,33.82857142857143,5970.84,21473.01953125
2024-12-30,28.6,5906.94,21197.08984375
2024-12-31,26.314285714285713,5881.63,21012.169921875
2025-01-02,24.314285714285717,5868.55,20975.619140625
2025-01-03,28.885714285714283,5942.47,21326.16015625
2025-01-06,33.77142857142857,5975.38,21559.5
2025-01-07,34.31428571428572,5909.03,21173.0390625
2025-01-08,31.91428571428572,5918.25,21180.970703125
2025-01-10,25.62857142857143,5827.04,20847.580078125
2025-01-13,25.34285714285715,5836.22,20784.720703125
2025-01-14,25.142857142857142,5842.91,20757.41015625
2025-01-15,27.428571428571427,5949.91,21237.849609375
2025-01-16,27.342857142857145,5937.34,21091.25
2025-01-17,36.02857142857143,5996.66,21441.16015625
2025-01-21,39.91428571428572,6049.24,21566.509765625
2025-01-22,41.62857142857143,6086.37,21853.0
2025-01-23,43.68571428571429,6118.71,21900.9296875
2025-01-24,45.8,6101.24,21774.009765625
2025-01-27,37.971428571428575,6012.28,21127.279296875
2025-01-28,40.62857142857143,6067.7,21463.0390625
2025-01-29,42.4,6039.31,21411.4609375
2025-01-30,45.91428571428571,6071.17,21508.119140625
2025-01-31,43.771428571428565,6040.53,21478.05078125
2025-02-03,37.4,5994.57,21297.580078125
2025-02-04,37.142857142857146,6037.88,21566.919921875
2025-02-05,38.62857142857143,6061.48,21658.16015625
2025-02-06,39.68571428571429,6083.57,21774.0703125
2025-02-07,38.371428571428574,6025.99,21491.310546875
2025-02-10,44.714285714285715,6066.44,21756.73046875
2025-02-11,45.4,6068.5,21693.51953125
2025-02-12,41.371428571428574,6051.97,21719.259765625
2025-02-13,46.60000000000001,6115.07,22030.7109375
2025-02-14,43.68571428571429,6114.63,22114.689453125
2025-02-18,46.8,6129.58,22164.609375
2025-02-19,47.628571428571426,6144.15,22175.599609375
2025-02-20,44.228571428571435,6117.52,22068.060546875
2025-02-21,36.971428571428575,6013.13,21614.080078125
2025-02-24,29.542857142857144,5983.25,21352.080078125
2025-02-25,24.199999999999996,5955.25,21087.25
2025-02-26,21.25714285714286,5956.06,21132.919921875
2025-02-27,12.757142857142858,5861.57,20550.94921875
2025-02-28,20.657142857142855,5954.5,20884.41015625
2025-03-03,12.342857142857143,5849.72,20425.580078125
2025-03-04,11.042857142857144,5778.15,20352.529296875
2025-03-05,11.514285714285714,5842.63,20628.4609375
2025-03-06,17.2,5738.52,20052.630859375
2025-03-07,17.642857142857146,5770.2,20201.369140625
2025-03-10,17.071428571428573,5614.56,19430.94921875
2025-03-11,15.114285714285716,5572.07,19376.9609375
2025-03-12,15.914285714285716,5599.3,19596.01953125
2025-03-13,15.185714285714289,5521.52,19225.48046875
2025-03-14,22.057142857142857,5638.94,19704.640625
2025-03-17,22.571428571428573,5675.12,19812.240234375
2025-03-18,22.228571428571428,5614.66,19483.359375
2025-03-19,21.6,5675.29,19736.66015625
2025-03-20,21.685714285714287,5662.89,19677.609375
2025-03-21,22.685714285714287,5667.56,19753.970703125
2025-03-24,25.4,5767.57,20180.44921875
2025-03-25,29.285714285714285,5776.65,20287.830078125
2025-03-26,28.88571428571429,5712.2,19916.990234375
2025-03-27,28.342857142857145,5693.31,19798.619140625
2025-03-28,26.371428571428577,5580.94,19281.400390625
2025-03-31,21.114285714285717,5611.85,19278.44921875
2025-04-01,19.571428571428573,5633.07,19436.419921875
2025-04-02,22.6,5670.97,19581.779296875
2025-04-03,12.142857142857142,5396.52,18521.470703125
2025-04-04,5.385714285714286,5074.08,17397.69921875
2025-04-07,4.0,5062.25,17430.6796875
2025-04-08,2.9,4982.77,17090.400390625
2025-04-09,9.5,5456.9,19145.060546875
2025-04-10,5.614285714285715,5268.05,18343.5703125
2025-04-11,8.385714285714286,5363.36,18690.05078125
2025-04-14,12.342857142857143,5405.97,18796.01953125
2025-04-15,13.114285714285716,5396.63,18830.23046875
2025-04-16,11.142857142857142,5275.7,18257.640625
2025-04-17,16.057142857142857,5282.7,18258.08984375
2025-04-21,12.371428571428572,5158.2,17808.30078125
2025-04-22,13.600000000000003,5287.76,18276.41015625
2025-04-23,21.542857142857144,5375.86,18693.259765625
2025-04-24,24.08571428571429,5484.77,19214.400390625
2025-04-25,34.51428571428572,5525.21,19432.560546875
2025-04-28,32.142857142857146,5528.75,19427.2890625
2025-04-29,32.74285714285714,5560.83,19544.94921875
2025-04-30,32.371428571428574,5569.06,19571.01953125
2025-05-01,41.25714285714287,5604.14,19786.7109375
2025-05-02,38.28571428571429,5686.67,20102.609375
2025-05-05,53.057142857142864,5650.38,19967.939453125
2025-05-06,54.65714285714286,5606.91,19791.349609375
2025-05-07,54.142857142857146,5631.28,19867.970703125
2025-05-08,57.65714285714286,5663.94,20063.560546875
2025-05-09,60.02857142857143,5659.91,20061.44921875
2025-05-12,64.4857142857143,5844.19,20868.150390625
2025-05-13,68.2,5886.55,21197.69921875
2025-05-14,70.4,5892.58,21319.2109375
2025-05-15,69.14285714285714,5916.93,21335.8203125
2025-05-16,70.60000000000001,5958.38,21427.939453125
2025-05-19,69.74285714285715,5963.6,21447.05078125
2025-05-20,69.17142857142858,5940.46,21367.369140625
2025-05-21,66.22857142857143,5844.61,21080.359375
2025-05-22,66.8,5842.01,21112.470703125
2025-05-23,64.08571428571429,5802.82,20915.66015625
2025-05-27,65.74285714285715,5921.54,21414.990234375
2025-05-28,64.74285714285715,5888.55,21318.169921875
2025-05-29,64.45714285714287,5912.17,21363.94921875
2025-05-30,61.91428571428571,5911.69,21340.990234375
2025-06-02,62.42857142857144,5935.94,21491.75
2025-06-03,54.57142857142857,5970.37,21662.580078125
2025-06-04,54.88571428571429,5970.81,21721.919921875
2025-06-05,57.97142857142858,5939.3,21547.4296875
2025-06-06,61.77142857142858,6000.36,21761.7890625
2025-06-09,63.42857142857143,6005.88,21797.869140625
2025-06-10,64.0,6038.81,21941.919921875
2025-06-11,64.2,6022.24,21860.80078125
2025-06-12,64.6,6045.26,21913.3203125
2025-06-13,59.54285714285715,5976.97,21631.0390625
2025-06-16,61.114285714285714,6033.11,21937.5703125
2025-06-17,57.42857142857144,5982.72,21719.080078125
2025-06-18,54.285714285714285,5980.87,21719.689453125
2025-06-20,54.51428571428573,5967.84,21626.390625
2025-06-23,56.60000000000001,6025.17,21856.330078125
2025-06-24,57.885714285714286,6092.18,22190.51953125
2025-06-25,59.25714285714286,6092.16,22237.740234375
2025-06-26,63.00000000000001,6141.02,22447.2890625
2025-06-27,64.8,6173.07,22534.19921875
2025-06-30,69.22857142857143,6204.95,22679.009765625
2025-07-01,67.54285714285714,6198.01,22478.130859375
2025-07-02,63.714285714285715,6227.42,22641.890625
2025-07-03,77.62857142857145,6279.35,22866.970703125
2025-07-07,75.08571428571429,6229.98,22685.5703125
2025-07-08,74.62857142857142,6225.52,22702.25
2025-07-09,75.91428571428571,6263.26,22864.91015625
2025-07-10,76.97142857142856,6280.46,22829.259765625
2025-07-11,75.25714285714285,6259.75,22780.599609375
2025-07-14,76.11428571428573,6268.56,22855.630859375
2025-07-15,73.4857142857143,6243.76,22884.58984375
2025-07-16,72.94285714285715,6263.7,22907.970703125
2025-07-17,74.17142857142858,6297.36,23081.05078125
2025-07-18,73.94285714285715,6296.79,23065.470703125
2025-07-21,73.28571428571429,6305.6,23180.060546875
2025-07-22,73.88571428571429,6309.62,23063.580078125
2025-07-23,76.3714285714286,6358.91,23162.41015625
2025-07-24,75.25714285714287,6363.35,23219.869140625
2025-07-25,74.65714285714286,6388.64,23272.25
2025-07-28,73.8,6389.77,23356.26953125
2025-07-29,70.62857142857143,6370.86,23308.30078125
2025-07-30,68.02857142857142,6362.9,23345.41015625
2025-07-31,63.714285714285715,6339.39,23218.119140625
2025-08-01,49.8,6238.01,22763.310546875
2025-08-04,56.885714285714286,6329.94,23188.609375
2025-08-05,55.028571428571425,6299.19,23018.560546875
2025-08-06,55.31428571428573,6345.06,23315.0390625
2025-08-07,54.71428571428572,6340.0,23389.529296875
2025-08-08,58.37142857142857,6389.45,23611.26953125
2025-08-11,57.628571428571426,6373.45,23526.630859375
2025-08-12,62.25714285714286,6445.76,23839.19921875
2025-08-13,63.34285714285714,6466.58,23849.0390625
2025-08-14,63.25714285714287,6468.54,23832.439453125
2025-08-15,63.54285714285715,6449.8,23712.0703125
2025-08-18,64.2,6449.15,23713.759765625
2025-08-19,59.88571428571429,6411.37,23384.76953125
2025-08-20,55.91428571428572,6395.78,23249.5703125
2025-08-21,52.60000000000001,6370.17,23142.580078125
2025-08-22,55.54285714285715,6466.91,23498.119140625
2025-08-25,53.942857142857136,6439.32,23425.609375
2025-08-26,55.4,6465.94,23525.2890625
2025-08-27,59.11428571428572,6481.4,23565.849609375
2025-08-28,64.42857142857143,6501.86,23703.44921875
2025-08-29,61.542857142857144,6460.26,23415.419921875
2025-09-02,62.45714285714286,6415.54,23231.109375
2025-09-03,61.371428571428574,6448.26,23414.83984375
2025-09-04,61.17142857142858,6502.08,23633.009765625
2025-09-05,58.68571428571429,6481.5,23652.439453125
2025-09-08,58.228571428571435,6495.15,23762.30078125
2025-09-09,57.942857142857136,6512.61,23839.80078125
2025-09-10,57.94285714285714,6532.04,23849.26953125
2025-09-11,60.34285714285715,6587.47,23992.560546875
2025-09-12,61.34285714285714,6584.29,24092.189453125
2025-09-15,64.45714285714287,6615.28,24293.779296875
2025-09-16,64.37142857142858,6606.76,24274.25
2025-09-17,63.77142857142858,6600.35,24223.689453125
2025-09-18,66.54285714285714,6631.96,24454.890625
2025-09-19,66.22857142857144,6664.36,24626.25
2025-09-22,66.51428571428572,6693.75,24761.0703125
2025-09-23,56.771428571428565,6656.92,24580.169921875
2025-09-24,54.57142857142857,6637.97,24503.5703125
2025-09-25,50.65714285714286,6604.72,24397.310546875
2025-09-26,51.28571428571428,6643.7,24503.849609375
2025-09-29,50.97142857142857,6661.21,24611.349609375
2025-09-30,51.40000000000001,6688.46,24679.990234375
2025-10-01,52.48571428571428,6711.2,24800.859375
2025-10-02,54.54285714285715,6715.35,24892.759765625
2025-10-03,52.57142857142857,6715.79,24785.51953125
2025-10-06,53.971428571428575,6740.28,24978.560546875
2025-10-07,51.857142857142854,6714.59,24840.23046875
2025-10-08,52.942857142857136,6753.72,25136.619140625
2025-10-09,48.62857142857143,6735.11,25098.1796875
2025-10-10,30.14285714285714,6552.51,24221.740234375
2025-10-13,29.74285714285714,6654.72,24750.25
2025-10-14,28.285714285714285,6644.31,24579.3203125
2025-10-15,27.41428571428571,6671.06,24745.359375
2025-10-16,23.114285714285717,6629.07,24657.240234375
2025-10-17,22.32857142857143,6664.01,24817.94921875
2025-10-20,29.85714285714286,6735.13,25141.01953125
2025-10-21,28.542857142857148,6735.35,25127.130859375
2025-10-22,26.37142857142857,6699.4,24879.009765625
2025-10-23,27.571428571428573,6738.44,25097.41015625
2025-10-24,32.45714285714286,6791.69,25358.16015625
2025-10-27,37.34285714285715,6875.16,25821.55078125
2025-10-28,39.34285714285714,6890.89,26012.150390625
2025-10-29,42.114285714285714,6890.59,26119.849609375
2025-10-30,37.05714285714286,6822.34,25734.810546875
2025-10-31,34.45714285714286,6840.2,25858.130859375
2025-11-03,32.6,6851.97,25972.939453125
2025-11-04,20.94285714285714,6771.55,25435.69921875
2025-11-05,23.057142857142857,6796.29,25620.029296875
2025-11-06,24.342857142857145,6720.32,25130.0390625
2025-11-07,20.428571428571427,6728.8,25059.810546875
2025-11-10,29.942857142857143,6832.43,25611.740234375
2025-11-11,30.457142857142856,6846.61,25533.490234375
2025-11-12,34.57142857142858,6850.92,25517.330078125
2025-11-13,24.542857142857144,6737.49,24993.4609375
2025-11-14,22.057142857142853,6734.11,25008.240234375
2025-11-17,11.642857142857142,6672.41,24799.919921875
2025-11-18,8.9,6617.32,24503.099609375
2025-11-19,7.857142857142857,6642.16,24640.51953125
2025-11-20,5.171428571428572,6538.76,24054.380859375
2025-11-21,5.6571428571428575,6602.99,24239.5703125
2025-11-24,13.685714285714283,6705.12,24873.849609375
2025-11-25,15.028571428571428,6765.88,25018.359375
2025-11-26,17.657142857142862,6812.61,25236.939453125
2025-11-28,21.771428571428572,6849.09,25434.890625
2025-12-01,22.085714285714285,6812.63,25342.849609375
2025-12-02,23.257142857142856,6829.37,25555.859375
2025-12-03,24.771428571428572,6849.72,25606.5390625
2025-12-04,36.02857142857143,6857.12,25581.69921875
2025-12-05,38.142857142857146,6870.4,25692.05078125
2025-12-08,40.77142857142858,6846.51,25627.94921875
2025-12-09,40.94285714285714,6840.51,25668.689453125
2025-12-10,36.371428571428574,6886.68,25776.439453125
2025-12-11,43.74285714285714,6901.0,25686.689453125
2025-12-12,39.285714285714285,6827.41,25196.73046875
2025-12-15,49.31428571428573,6816.51,25067.26953125
2025-12-16,46.4,6800.26,25132.939453125
2025-12-17,37.68571428571429,6721.43,24647.609375
2025-12-18,42.371428571428574,6774.76,25019.369140625
2025-12-19,44.2,6834.5,25346.1796875
2025-12-22,54.88571428571429,6878.49,25461.69921875
2025-12-23,58.57142857142857,6909.79,25587.830078125
2025-12-24,58.0,6932.05,25656.150390625
2025-12-26,54.857142857142854,6929.94,25644.390625
2025-12-29,47.885714285714286,6905.74,25525.560546875
2025-12-30,46.114285714285714,6896.24,25462.560546875
2025-12-31,43.25714285714286,6845.5,25249.849609375
2026-01-02,45.22857142857142,6858.47,25206.169921875
2026-01-05,47.60000000000001,6902.05,25401.3203125
2026-01-06,52.857142857142854,6944.82,25639.7109375
2026-01-07,48.57142857142857,6920.93,25653.900390625
2026-01-08,48.371428571428574,6921.46,25507.099609375
2026-01-09,54.114285714285714,6966.28,25766.259765625
2026-01-12,58.0,6977.27,25787.66015625
2026-01-13,59.085714285714296,6963.74,25741.94921875
2026-01-14,58.62857142857143,6926.6,25465.939453125
2026-01-15,63.65714285714286,6944.47,25547.0703125
2026-01-16,63.77142857142858,6940.01,25529.259765625
2026-01-20,50.85714285714287,6796.86,24987.5703125
2026-01-21,53.857142857142854,6875.62,25326.580078125
2026-01-22,54.771428571428565,6913.35,25518.349609375
2026-01-23,54.885714285714286,6915.61,25605.470703125
2026-01-26,57.65714285714286,6950.23,25713.2109375
2026-01-27,64.97142857142858,6978.6,25939.740234375
2026-01-28,65.54285714285713,6978.03,26022.7890625
2026-01-29,63.82857142857143,6969.01,25884.30078125
2026-01-30,58.60000000000001,6939.03,25552.390625
2026-02-02,63.40000000000001,6976.44,25738.609375
2026-02-03,43.34285714285714,6917.81,25338.619140625
2026-02-04,47.228571428571435,6882.72,24891.240234375
2026-02-05,34.94285714285714,6798.4,24548.689453125
2026-02-06,45.371428571428574,6932.3,25075.76953125
2026-02-09,48.4857142857143,6964.82,25268.140625
2026-02-10,47.228571428571435,6941.81,25127.640625
2026-02-11,49.91428571428571,6941.47,25201.259765625
2026-02-12,36.357142857142854,6832.76,24687.609375
2026-02-13,33.84285714285714,6836.17,24732.73046875
2026-02-17,33.31428571428572,6843.22,24701.599609375
2026-02-18,34.157142857142865,6881.31,24898.869140625
2026-02-19,34.400000000000006,6861.89,24797.33984375
2026-02-20,42.34285714285715,6909.51,25012.619140625
2026-02-23,32.542857142857144,6837.75,24708.939453125
2026-02-24,40.25714285714286,6890.07,24977.0390625
2026-02-25,43.142857142857146,6946.13,25329.0390625
2026-02-26,42.91428571428571,6908.86,25034.369140625
2026-02-27,41.17142857142857,6878.88,24960.0390625
2026-03-02,34.285714285714285,6881.62,24992.599609375
2026-03-03,31.628571428571423,6816.63,24720.080078125
2026-03-04,33.07142857142857,6869.5,25093.6796875
2026-03-05,31.62857142857143,6830.71,25020.41015625
2026-03-06,25.25714285714286,6740.02,24643.01953125
2026-03-09,22.228571428571428,6795.99,24967.25
2026-03-10,20.271428571428572,6781.48,24956.470703125
2026-03-11,18.314285714285713,6775.8,24965.009765625
2026-03-13,16.671428571428574,6632.19,24380.73046875
2026-03-16,23.91428571428572,6699.38,24655.33984375
2026-03-17,22.88571428571429,6716.09,24780.419921875
2026-03-18,13.614285714285714,6624.7,24425.08984375
2026-03-19,18.314285714285713,6606.49,24355.279296875
2026-03-20,8.4,6506.48,23898.150390625
2026-03-23,11.62857142857143,6581.0,24188.58984375
2026-03-24,10.35714285714286,6556.37,24002.44921875
2026-03-25,16.542857142857144,6591.9,24162.98046875
2026-03-26,10.257142857142858,6477.16,23586.990234375
2026-03-27,8.171428571428573,6368.85,23132.76953125
2026-03-30,5.771428571428572,6343.72,22953.380859375
2026-03-31,14.885714285714284,6528.52,23740.189453125
2026-04-01,15.857142857142858,6575.32,24019.990234375
2026-04-02,18.285714285714285,6582.69,24045.529296875
2026-04-06,21.85714285714286,6611.83,24192.169921875
2026-04-07,21.571428571428573,6616.85,24202.369140625
2026-04-08,29.171428571428574,6782.81,24903.169921875
2026-04-09,33.800000000000004,6824.66,25082.08984375
2026-04-10,38.05714285714286,6816.89,25116.33984375
2026-04-13,40.971428571428575,6886.24,25383.720703125
2026-04-14,47.25714285714286,6967.38,25842.0
2026-04-15,56.2,7022.95,26204.580078125
2026-04-16,61.48571428571429,7041.28,26333.0
2026-04-17,68.57142857142858,7126.06,26672.4296875
2026-04-20,69.97142857142858,7109.14,26590.33984375
2026-04-21,67.57142857142858,7064.01,26479.470703125
2026-04-22,68.45714285714286,7137.9,26937.279296875
2026-04-23,66.17142857142856,7108.4,26782.630859375
2026-04-24,65.4,7165.08,27303.669921875
2026-04-27,66.28571428571429,7173.91,27305.6796875
2026-04-28,67.42857142857142,7138.8,27029.009765625
2026-04-29,66.22857142857143,7135.95,27186.98046875
2026-04-30,69.51428571428572,7209.01,27452.119140625
2026-05-01,71.17142857142856,7230.12,27710.359375
2026-05-04,66.88571428571429,7200.75,27651.8203125
2026-05-05,67.25714285714287,7259.22,28015.060546875
2026-05-06,68.74285714285715,7365.12,28599.169921875
2026-05-07,67.28571428571429,7337.11,28563.94921875
2026-05-08,67.28571428571429,7398.93,29234.990234375
2026-05-11,66.62857142857143,7412.84,29320.66015625
2026-05-12,65.68571428571428,7400.96,29064.80078125
2026-05-13,64.97142857142858,7444.25,29366.939453125
2026-05-14,65.91428571428573,7501.24,29580.30078125
2026-05-15,63.22857142857142,7408.5,29125.19921875
2026-05-18,61.5714285714286,7403.05,28994.369140625
2026-05-19,59.3714285714286,7353.61,28818.83984375
2026-05-20,60.2571428571429,7432.97,29297.69921875
2026-05-21,58.0571428571429,7445.72,29357.26953125
2026-05-22,58.9714285714286,7473.47,29481.640625
2026-05-26,60.9142857142857,7519.12,30001.3203125
2026-05-27,60.6,7520.36,29973.5703125
2026-05-28,60.0857142857143,7563.63,30223.890625
2026-05-29,59.5142857142857,7580.06,30333.1796875
2026-06-01,56.5428571428571,7599.96,30513.859375
2026-06-02,56.0571428571429,7609.78,30660.599609375
2026-06-03,53.0285714285714,7553.68,30571.240234375
2026-06-04,53.8857142857143,7584.31,30407.810546875
2026-06-05,41.7714285714286,7383.74,28957.599609375
2026-06-08,39.8857142857143,7405.73,29414.259765625
2026-06-09,32.4857142857143,7386.65,29084.5
2026-06-10,26.9142857142857,7266.99,28508.029296875
2026-06-11,31.6,7394.3,29446.1796875
2026-06-12,35.5142857142857,7431.46,29635.94921875
2026-06-15,41.6,7554.29,30543.919921875
2026-06-16,39.0857142857143,7511.35,29968.130859375
2026-06-17,32.2,7420.1,29670.94921875
2026-06-18,37.5714285714286,7500.58,30406.189453125
2026-06-22,31.9699633699634,7472.79,30347.080078125
2026-06-23,27.4571428571429,7365.46,29347.26953125
2026-06-24,25.9714285714286,7358.22,29220.060546875
2026-06-25,24.3985347985348,7357.49,29440.3203125
2026-06-26,25.1142857142857,7354.02,29118.240234375
2026-06-29,27.2571428571429,7440.43,29774.75
2026-06-30,30.9428571428571,7499.36,30276.349609375
2026-07-01,30.4571428571429,7483.23,29809.130859375
2026-07-02,37.4857142857143,7483.24,29329.2109375
2026-07-06,44.0285714285714,7537.43,29697.869140625
2026-07-07,43.7142857142857,7503.85,29173.01953125
2026-07-08,44.1142857142857,7482.71,29252.560546875
2026-07-09,46.0857142857143,7543.64,29727.099609375
2026-07-10,48.4,7575.39,29825.109375
2026-07-13,43.6857142857143,7515.34,29264.099609375
