Date,FG,NQ
2016-07-01,71.0,4437.4501953125
2016-07-05,69.0,4410.75
2016-07-06,69.0,4444.7001953125
2016-07-07,69.0,4459.580078125
2016-07-08,75.0,4528.35986328125
2016-07-11,80.0,4554.7099609375
2016-07-12,86.0,4577.60986328125
2016-07-13,86.0,4565.77001953125
2016-07-14,90.0,4596.490234375
2016-07-15,88.0,4589.830078125
2016-07-18,89.0,4619.68017578125
2016-07-19,89.0,4603.27978515625
2016-07-20,88.0,4657.2001953125
2016-07-21,87.0,4647.02001953125
2016-07-22,85.0,4666.06982421875
2016-07-25,85.0,4665.93017578125
2016-07-26,82.0,4672.10986328125
2016-07-27,84.0,4702.8798828125
2016-07-28,82.0,4721.41015625
2016-07-29,80.0,4730.22998046875
2016-08-01,64.0,4756.0400390625
2016-08-02,78.0,4719.2099609375
2016-08-03,80.0,4734.330078125
2016-08-04,81.0,4743.81005859375
2016-08-05,85.0,4791.2099609375
2016-08-08,80.0,4784.740234375
2016-08-09,75.0,4795.75
2016-08-10,78.0,4783.39013671875
2016-08-11,78.0,4803.31005859375
2016-08-12,75.0,4807.080078125
2016-08-15,78.0,4827.1201171875
2016-08-16,78.0,4797.18994140625
2016-08-17,77.0,4805.4501953125
2016-08-18,78.0,4808.68017578125
2016-08-19,76.0,4806.14013671875
2016-08-22,74.0,4808.56005859375
2016-08-23,75.0,4818.47998046875
2016-08-24,70.0,4783.490234375
2016-08-25,65.0,4775.43017578125
2016-08-26,63.0,4783.68994140625
2016-08-29,64.0,4791.08984375
2016-08-30,64.0,4775.990234375
2016-08-31,62.0,4771.0498046875
2016-09-01,63.0,4783.93994140625
2016-09-02,63.0,4798.740234375
2016-09-06,65.0,4829.509765625
2016-09-07,64.0,4831.85986328125
2016-09-08,69.0,4804.0
2016-09-09,47.0,4681.5400390625
2016-09-12,55.0,4764.64990234375
2016-09-13,36.0,4722.85009765625
2016-09-14,34.0,4746.06005859375
2016-09-15,39.0,4819.89990234375
2016-09-16,44.0,4818.0498046875
2016-09-19,45.0,4796.06982421875
2016-09-20,45.0,4805.22021484375
2016-09-21,54.0,4853.75
2016-09-22,59.0,4891.35986328125
2016-09-23,53.0,4858.91015625
2016-09-26,47.0,4817.169921875
2016-09-27,45.0,4866.7099609375
2016-09-28,45.0,4875.27001953125
2016-09-29,44.0,4838.2998046875
2016-09-30,43.0,4875.7001953125
2016-10-03,45.0,4866.6298828125
2016-10-04,49.0,4859.47021484375
2016-10-05,49.0,4877.75
2016-10-06,52.0,4873.919921875
2016-10-07,55.0,4864.52001953125
2016-10-10,55.0,4893.77001953125
2016-10-11,47.0,4821.91015625
2016-10-12,45.0,4819.64013671875
2016-10-13,34.0,4803.10009765625
2016-10-14,33.0,4808.47998046875
2016-10-17,33.0,4796.169921875
2016-10-18,38.0,4839.72021484375
2016-10-19,41.0,4836.60986328125
2016-10-20,38.0,4832.7099609375
2016-10-21,44.0,4851.85986328125
2016-10-24,49.0,4909.97021484375
2016-10-25,49.0,4891.4501953125
2016-10-26,43.0,4860.58984375
2016-10-27,46.0,4836.4501953125
2016-10-28,33.0,4805.58984375
2016-10-31,26.0,4801.27001953125
2016-11-01,22.0,4766.93994140625
2016-11-02,18.0,4726.91015625
2016-11-03,14.0,4679.10009765625
2016-11-04,14.0,4660.4599609375
2016-11-07,34.0,4773.72998046875
2016-11-08,30.0,4804.919921875
2016-11-09,42.0,4825.18017578125
2016-11-10,38.0,4747.02978515625
2016-11-11,48.0,4751.9501953125
2016-11-14,57.0,4702.0400390625
2016-11-15,63.0,4764.47021484375
2016-11-16,60.0,4792.27001953125
2016-11-17,63.0,4826.58984375
2016-11-18,61.0,4808.0400390625
2016-11-21,68.0,4859.0
2016-11-22,67.0,4873.83984375
2016-11-23,70.0,4853.85986328125
2016-11-25,71.0,4870.02001953125
2016-11-28,72.0,4857.02001953125
2016-11-29,72.0,4873.2099609375
2016-11-30,73.0,4810.81005859375
2016-12-01,71.0,4734.10009765625
2016-12-02,71.0,4739.3701171875
2016-12-05,75.0,4778.14013671875
2016-12-06,79.0,4788.669921875
2016-12-07,83.0,4851.93994140625
2016-12-08,83.0,4859.18994140625
2016-12-09,86.0,4895.89990234375
2016-12-12,87.0,4874.2998046875
2016-12-13,86.0,4935.83984375
2016-12-14,86.0,4921.22021484375
2016-12-15,86.0,4933.41015625
2016-12-16,84.0,4914.85986328125
2016-12-19,79.0,4934.85009765625
2016-12-20,75.0,4953.7998046875
2016-12-21,75.0,4948.91015625
2016-12-22,71.0,4934.39013671875
2016-12-23,66.0,4940.02001953125
2016-12-27,70.0,4965.81005859375
2016-12-28,66.0,4926.2900390625
2016-12-29,65.0,4918.27978515625
2016-12-30,58.0,4863.6201171875
2017-01-03,70.0,4911.330078125
2017-01-04,70.0,4937.2099609375
2017-01-05,70.0,4964.9501953125
2017-01-06,68.0,5007.080078125
2017-01-09,62.0,5024.89990234375
2017-01-10,62.0,5035.169921875
2017-01-11,61.0,5050.2099609375
2017-01-12,55.0,5041.43017578125
2017-01-13,58.0,5059.509765625
2017-01-17,58.0,5044.64990234375
2017-01-18,55.0,5055.85009765625
2017-01-19,53.0,5051.169921875
2017-01-20,53.0,5063.2001953125
2017-01-23,55.0,5065.7001953125
2017-01-24,59.0,5101.06005859375
2017-01-25,55.0,5151.47021484375
2017-01-26,58.0,5156.919921875
2017-01-27,60.0,5168.06005859375
2017-01-30,55.0,5129.330078125
2017-01-31,54.0,5116.77001953125
2017-02-01,55.0,5152.68994140625
2017-02-02,51.0,5147.7001953125
2017-02-03,60.0,5161.60009765625
2017-02-06,57.0,5167.9599609375
2017-02-07,57.0,5185.8798828125
2017-02-08,61.0,5196.580078125
2017-02-09,66.0,5212.16015625
2017-02-10,70.0,5226.68994140625
2017-02-13,72.0,5256.81982421875
2017-02-14,78.0,5271.06982421875
2017-02-15,80.0,5302.39013671875
2017-02-16,79.0,5300.64013671875
2017-02-17,78.0,5324.72021484375
2017-02-21,83.0,5350.72998046875
2017-02-22,80.0,5352.1298828125
2017-02-23,75.0,5332.3701171875
2017-02-24,68.0,5343.31005859375
2017-02-27,71.0,5347.5498046875
2017-02-28,64.0,5330.31005859375
2017-03-01,81.0,5390.990234375
2017-03-02,78.0,5363.259765625
2017-03-03,77.0,5373.47998046875
2017-03-06,69.0,5360.31005859375
2017-03-07,65.0,5351.27978515625
2017-03-08,65.0,5359.81005859375
2017-03-09,62.0,5363.97998046875
2017-03-10,65.0,5385.89990234375
2017-03-13,64.0,5394.56982421875
2017-03-14,58.0,5382.169921875
2017-03-15,50.0,5416.25
2017-03-16,51.0,5412.080078125
2017-03-17,45.0,5408.759765625
2017-03-20,43.0,5413.31005859375
2017-03-21,37.0,5332.52978515625
2017-03-22,32.0,5367.5498046875
2017-03-23,31.0,5355.14013671875
2017-03-24,31.0,5364.0
2017-03-27,27.0,5374.27001953125
2017-03-28,39.0,5407.2099609375
2017-03-29,39.0,5430.27001953125
2017-03-30,43.0,5439.740234375
2017-03-31,47.0,5436.22998046875
2017-04-03,45.0,5432.2001953125
2017-04-04,43.0,5440.41015625
2017-04-05,43.0,5418.52001953125
2017-04-06,43.0,5420.8798828125
2017-04-07,40.0,5418.3701171875
2017-04-10,32.0,5421.68017578125
2017-04-11,31.0,5398.39990234375
2017-04-12,28.0,5377.02978515625
2017-04-13,25.0,5353.58984375
2017-04-17,30.0,5399.2001953125
2017-04-18,32.0,5391.66015625
2017-04-19,30.0,5399.64013671875
2017-04-20,34.0,5443.52978515625
2017-04-21,37.0,5442.0498046875
2017-04-24,39.0,5508.02978515625
2017-04-25,46.0,5548.18994140625
2017-04-26,48.0,5541.08984375
2017-04-27,50.0,5571.27978515625
2017-04-28,49.0,5583.52978515625
2017-05-01,51.0,5629.6298828125
2017-05-02,47.0,5644.06982421875
2017-05-03,47.0,5625.16015625
2017-05-04,45.0,5626.31982421875
2017-05-05,47.0,5646.08984375
2017-05-08,55.0,5659.06982421875
2017-05-09,61.0,5678.31005859375
2017-05-10,61.0,5681.68017578125
2017-05-11,63.0,5674.22021484375
2017-05-12,62.0,5686.81005859375
2017-05-15,54.0,5704.47998046875
2017-05-16,66.0,5724.43994140625
2017-05-17,45.0,5580.5498046875
2017-05-18,47.0,5626.31005859375
2017-05-19,49.0,5651.56005859375
2017-05-22,52.0,5699.39990234375
2017-05-23,49.0,5703.35009765625
2017-05-24,54.0,5730.2998046875
2017-05-25,57.0,5778.3701171875
2017-05-26,58.0,5788.35986328125
2017-05-30,52.0,5794.6298828125
2017-05-31,50.0,5788.7998046875
2017-06-01,58.0,5816.509765625
2017-06-02,57.0,5881.4599609375
2017-06-05,58.0,5878.1201171875
2017-06-06,55.0,5856.77001953125
2017-06-07,55.0,5877.58984375
2017-06-08,55.0,5885.2998046875
2017-06-09,54.0,5741.93994140625
2017-06-12,53.0,5708.18017578125
2017-06-13,55.0,5751.81982421875
2017-06-14,52.0,5727.06982421875
2017-06-15,52.0,5700.89013671875
2017-06-16,50.0,5681.47998046875
2017-06-19,57.0,5772.22021484375
2017-06-20,50.0,5726.31005859375
2017-06-21,47.0,5782.39013671875
2017-06-22,50.0,5779.8701171875
2017-06-23,52.0,5803.10986328125
2017-06-26,53.0,5777.58984375
2017-06-27,48.0,5671.60009765625
2017-06-28,60.0,5753.02978515625
2017-06-29,47.0,5653.02001953125
2017-06-30,49.0,5646.919921875
2017-07-03,52.0,5596.9599609375
2017-07-05,57.0,5648.81982421875
2017-07-06,44.0,5597.89990234375
2017-07-07,49.0,5656.47021484375
2017-07-10,46.0,5694.14990234375
2017-07-11,44.0,5709.7998046875
2017-07-12,47.0,5778.9501953125
2017-07-13,54.0,5793.35986328125
2017-07-14,64.0,5838.080078125
2017-07-17,67.0,5839.740234375
2017-07-18,74.0,5880.10009765625
2017-07-19,69.0,5916.16015625
2017-07-20,73.0,5921.22021484375
2017-07-21,73.0,5921.52978515625
2017-07-24,73.0,5941.3701171875
2017-07-25,70.0,5930.64990234375
2017-07-26,75.0,5950.72998046875
2017-07-27,73.0,5917.02978515625
2017-07-28,69.0,5908.919921875
2017-07-31,66.0,5880.330078125
2017-08-01,66.0,5895.169921875
2017-08-02,61.0,5914.22998046875
2017-08-03,59.0,5891.2001953125
2017-08-04,64.0,5899.91015625
2017-08-07,58.0,5934.72998046875
2017-08-08,52.0,5926.35009765625
2017-08-09,41.0,5919.39013671875
2017-08-10,31.0,5788.18994140625
2017-08-11,25.0,5831.52978515625
2017-08-14,36.0,5908.169921875
2017-08-15,27.0,5907.72998046875
2017-08-16,32.0,5917.419921875
2017-08-17,17.0,5796.31982421875
2017-08-18,17.0,5790.91015625
2017-08-21,15.0,5786.5400390625
2017-08-22,23.0,5873.330078125
2017-08-23,19.0,5851.77978515625
2017-08-24,22.0,5834.43994140625
2017-08-25,29.0,5822.52978515625
2017-08-28,35.0,5838.080078125
2017-08-29,29.0,5862.14013671875
2017-08-30,34.0,5932.89990234375
2017-08-31,43.0,5988.60009765625
2017-09-01,49.0,5987.89990234375
2017-09-05,62.0,5932.72998046875
2017-09-06,41.0,5951.1298828125
2017-09-07,38.0,5964.31005859375
2017-09-08,38.0,5913.3701171875
2017-09-11,59.0,5980.52978515625
2017-09-12,59.0,5995.64013671875
2017-09-13,67.0,6004.3798828125
2017-09-14,68.0,5968.81982421875
2017-09-15,77.0,5988.0
2017-09-18,80.0,5981.1201171875
2017-09-19,81.0,5991.080078125
2017-09-20,79.0,5973.60986328125
2017-09-21,73.0,5934.91015625
2017-09-22,70.0,5932.31982421875
2017-09-25,72.0,5867.35009765625
2017-09-26,67.0,5881.33984375
2017-09-27,73.0,5937.7900390625
2017-09-28,79.0,5933.06982421875
2017-09-29,84.0,5979.2998046875
2017-10-02,91.0,5981.919921875
2017-10-03,92.0,5995.06005859375
2017-10-04,91.0,5998.83984375
2017-10-05,94.0,6057.14013671875
2017-10-06,92.0,6064.56982421875
2017-10-09,84.0,6058.52978515625
2017-10-10,85.0,6063.52001953125
2017-10-11,83.0,6081.25
2017-10-12,79.0,6069.990234375
2017-10-13,74.0,6092.4501953125
2017-10-16,78.0,6114.52978515625
2017-10-17,78.0,6122.60986328125
2017-10-18,82.0,6114.35009765625
2017-10-19,83.0,6092.6201171875
2017-10-20,89.0,6108.81982421875
2017-10-23,80.0,6067.830078125
2017-10-24,75.0,6080.22021484375
2017-10-25,75.0,6055.0400390625
2017-10-26,71.0,6037.8701171875
2017-10-27,74.0,6213.47021484375
2017-10-30,65.0,6227.58984375
2017-10-31,69.0,6248.56005859375
2017-11-01,69.0,6248.64990234375
2017-11-02,66.0,6236.39013671875
2017-11-03,66.0,6295.580078125
2017-11-06,58.0,6313.60986328125
2017-11-07,61.0,6320.77978515625
2017-11-08,54.0,6345.81005859375
2017-11-09,54.0,6312.2099609375
2017-11-10,59.0,6309.06982421875
2017-11-13,49.0,6316.18017578125
2017-11-14,49.0,6293.64013671875
2017-11-15,36.0,6258.35986328125
2017-11-16,50.0,6339.14013671875
2017-11-17,44.0,6314.509765625
2017-11-20,51.0,6308.60986328125
2017-11-21,54.0,6378.6298828125
2017-11-22,54.0,6386.1201171875
2017-11-24,59.0,6409.2900390625
2017-11-27,51.0,6405.97021484375
2017-11-28,60.0,6422.56005859375
2017-11-29,67.0,6311.3798828125
2017-11-30,73.0,6365.56005859375
2017-12-01,70.0,6337.8701171875
2017-12-04,64.0,6263.7001953125
2017-12-05,60.0,6265.10986328125
2017-12-06,62.0,6293.0498046875
2017-12-07,60.0,6316.27978515625
2017-12-08,62.0,6344.56982421875
2017-12-11,62.0,6393.89013671875
2017-12-12,67.0,6383.64990234375
2017-12-13,67.0,6394.669921875
2017-12-14,69.0,6389.91015625
2017-12-15,68.0,6466.31982421875
2017-12-18,74.0,6513.27001953125
2017-12-19,72.0,6480.669921875
2017-12-20,72.0,6472.47998046875
2017-12-21,68.0,6472.68994140625
2017-12-22,66.0,6465.169921875
2017-12-26,64.0,6433.16015625
2017-12-27,61.0,6435.14990234375
2017-12-28,58.0,6441.419921875
2017-12-29,53.0,6396.419921875
2018-01-02,67.0,6511.33984375
2018-01-03,67.0,6575.7998046875
2018-01-04,72.0,6584.580078125
2018-01-05,75.0,6653.2900390625
2018-01-08,75.0,6676.6298828125
2018-01-09,75.0,6677.93994140625
2018-01-10,75.0,6662.66015625
2018-01-11,77.0,6708.490234375
2018-01-12,79.0,6758.5400390625
2018-01-16,75.0,6737.14013671875
2018-01-17,75.0,6810.27978515625
2018-01-18,72.0,6811.3798828125
2018-01-19,80.0,6834.330078125
2018-01-22,78.0,6906.27978515625
2018-01-23,78.0,6963.4599609375
2018-01-24,78.0,6919.35009765625
2018-01-25,77.0,6916.2998046875
2018-01-26,79.0,7022.97021484375
2018-01-29,62.0,6988.31982421875
2018-01-30,61.0,6930.72998046875
2018-01-31,61.0,6949.990234375
2018-02-01,58.0,6901.5
2018-02-02,17.0,6760.2900390625
2018-02-05,18.0,6495.919921875
2018-02-06,18.0,6665.97998046875
2018-02-07,16.0,6582.02001953125
2018-02-08,10.0,6306.10009765625
2018-02-09,10.0,6412.68017578125
2018-02-12,13.0,6523.85009765625
2018-02-13,10.0,6553.85986328125
2018-02-14,15.0,6675.02978515625
2018-02-15,18.0,6794.919921875
2018-02-16,18.0,6770.66015625
2018-02-20,17.0,6779.68994140625
2018-02-21,15.0,6759.259765625
2018-02-22,18.0,6761.85009765625
2018-02-23,18.0,6896.60009765625
2018-02-26,20.0,6989.10009765625
2018-02-27,17.0,6900.35009765625
2018-02-28,15.0,6854.419921875
2018-03-01,8.0,6750.5400390625
2018-03-02,10.0,6811.0400390625
2018-03-05,14.0,6881.27978515625
2018-03-06,26.0,6913.02001953125
2018-03-07,23.0,6929.39013671875
2018-03-08,25.0,6966.43017578125
2018-03-09,44.0,7101.18017578125
2018-03-12,40.0,7131.1201171875
2018-03-13,36.0,7046.509765625
2018-03-14,29.0,7040.97998046875
2018-03-15,21.0,7030.97021484375
2018-03-16,19.0,7019.9501953125
2018-03-19,14.0,6864.8798828125
2018-03-20,16.0,6885.919921875
2018-03-21,16.0,6853.4501953125
2018-03-22,11.0,6682.259765625
2018-03-23,7.0,6508.08984375
2018-03-26,8.0,6753.830078125
2018-03-27,6.0,6529.83984375
2018-03-28,7.0,6460.81005859375
2018-03-29,8.0,6581.1298828125
2018-04-02,7.0,6390.83984375
2018-04-03,9.0,6458.830078125
2018-04-04,11.0,6560.06005859375
2018-04-05,13.0,6594.83984375
2018-04-06,9.0,6433.2099609375
2018-04-09,12.0,6472.33984375
2018-04-10,14.0,6615.8701171875
2018-04-11,18.0,6583.43994140625
2018-04-12,22.0,6656.259765625
2018-04-13,23.0,6628.33984375
2018-04-16,25.0,6675.18017578125
2018-04-17,28.0,6816.3701171875
2018-04-18,32.0,6833.2099609375
2018-04-19,32.0,6774.89013671875
2018-04-20,38.0,6667.75
2018-04-23,40.0,6648.7998046875
2018-04-24,32.0,6509.0498046875
2018-04-25,38.0,6513.93994140625
2018-04-26,42.0,6649.64990234375
2018-04-27,40.0,6656.35009765625
2018-04-30,42.0,6605.56982421875
2018-05-01,38.0,6681.9599609375
2018-05-02,39.0,6644.47998046875
2018-05-03,32.0,6643.47998046875
2018-05-04,40.0,6769.1201171875
2018-05-07,41.0,6821.8701171875
2018-05-08,49.0,6815.47998046875
2018-05-09,49.0,6893.2099609375
2018-05-10,53.0,6963.5498046875
2018-05-11,54.0,6952.56005859375
2018-05-14,54.0,6964.3701171875
2018-05-15,55.0,6888.5400390625
2018-05-16,53.0,6929.97021484375
2018-05-17,53.0,6901.6298828125
2018-05-18,52.0,6866.25
2018-05-21,56.0,6905.52978515625
2018-05-22,59.0,6893.6201171875
2018-05-23,54.0,6953.6298828125
2018-05-24,48.0,6949.7001953125
2018-05-25,44.0,6960.919921875
2018-05-29,34.0,6926.5400390625
2018-05-30,42.0,6976.3701171875
2018-05-31,43.0,6967.72998046875
2018-06-01,52.0,7083.93017578125
2018-06-04,55.0,7143.56982421875
2018-06-05,58.0,7166.75
2018-06-06,65.0,7210.080078125
2018-06-07,62.0,7152.830078125
2018-06-08,63.0,7152.6201171875
2018-06-11,64.0,7168.47998046875
2018-06-12,65.0,7209.18017578125
2018-06-13,64.0,7205.259765625
2018-06-14,63.0,7279.58984375
2018-06-15,61.0,7255.759765625
2018-06-18,61.0,7251.41015625
2018-06-19,53.0,7228.0400390625
2018-06-20,57.0,7280.7001953125
2018-06-21,52.0,7217.490234375
2018-06-22,52.0,7197.509765625
2018-06-25,42.0,7038.169921875
2018-06-26,47.0,7068.2001953125
2018-06-27,36.0,6969.669921875
2018-06-28,39.0,7031.60009765625
2018-06-29,34.0,7040.7998046875
2018-07-02,35.0,7097.81982421875
2018-07-03,32.0,7014.5498046875
2018-07-05,33.0,7101.0498046875
2018-07-06,40.0,7207.330078125
2018-07-09,47.0,7276.0
2018-07-10,45.0,7282.60009765625
2018-07-11,41.0,7243.97998046875
2018-07-12,49.0,7366.25
2018-07-13,47.0,7375.81982421875
2018-07-16,45.0,7357.89990234375
2018-07-17,49.0,7403.89013671875
2018-07-18,56.0,7390.1298828125
2018-07-19,50.0,7352.35986328125
2018-07-20,53.0,7350.22998046875
2018-07-23,58.0,7371.77978515625
2018-07-24,64.0,7406.25
2018-07-25,70.0,7508.58984375
2018-07-26,72.0,7400.75
2018-07-27,67.0,7296.77978515625
2018-07-30,64.0,7193.10009765625
2018-07-31,66.0,7231.97998046875
2018-08-01,66.0,7272.89013671875
2018-08-02,68.0,7372.14990234375
2018-08-03,71.0,7395.490234375
2018-08-06,72.0,7438.990234375
2018-08-07,73.0,7462.64990234375
2018-08-08,74.0,7469.5498046875
2018-08-09,70.0,7466.9599609375
2018-08-10,56.0,7408.2998046875
2018-08-13,56.0,7401.169921875
2018-08-14,58.0,7447.169921875
2018-08-15,46.0,7354.66015625
2018-08-16,51.0,7374.2900390625
2018-08-17,54.0,7377.5400390625
2018-08-20,61.0,7371.419921875
2018-08-21,61.0,7397.22998046875
2018-08-22,61.0,7424.60009765625
2018-08-23,59.0,7413.83984375
2018-08-24,68.0,7485.39990234375
2018-08-27,77.0,7559.1298828125
2018-08-28,78.0,7570.25
2018-08-29,78.0,7660.18017578125
2018-08-30,73.0,7642.669921875
2018-08-31,71.0,7654.5498046875
2018-09-04,67.0,7622.31982421875
2018-09-05,62.0,7523.259765625
2018-09-06,53.0,7453.169921875
2018-09-07,52.0,7430.259765625
2018-09-10,56.0,7447.68017578125
2018-09-11,59.0,7507.8701171875
2018-09-12,59.0,7488.06005859375
2018-09-13,72.0,7561.68994140625
2018-09-14,73.0,7545.5
2018-09-17,67.0,7434.72998046875
2018-09-18,73.0,7494.39990234375
2018-09-19,71.0,7490.31982421875
2018-09-20,74.0,7569.02978515625
2018-09-21,75.0,7531.06982421875
2018-09-24,70.0,7548.75
2018-09-25,64.0,7563.18994140625
2018-09-26,53.0,7563.08984375
2018-09-27,48.0,7629.56982421875
2018-09-28,47.0,7627.64990234375
2018-10-01,49.0,7645.4501953125
2018-10-02,45.0,7628.27978515625
2018-10-03,51.0,7637.43017578125
2018-10-04,43.0,7490.0
2018-10-05,33.0,7399.009765625
2018-10-08,28.0,7352.81982421875
2018-10-09,23.0,7371.6201171875
2018-10-10,8.0,7044.5
2018-10-11,5.0,6964.02978515625
2018-10-12,11.0,7157.2099609375
2018-10-15,11.0,7068.669921875
2018-10-16,13.0,7276.43017578125
2018-10-17,14.0,7278.6298828125
2018-10-18,12.0,7116.08984375
2018-10-19,14.0,7107.22998046875
2018-10-22,16.0,7141.2099609375
2018-10-23,12.0,7118.669921875
2018-10-24,6.0,6789.14990234375
2018-10-25,9.0,7016.39013671875
2018-10-26,7.0,6852.39990234375
2018-10-29,7.0,6713.89990234375
2018-10-30,7.0,6810.1201171875
2018-10-31,7.0,6967.10009765625
2018-11-01,6.0,7069.169921875
2018-11-02,8.0,6965.2900390625
2018-11-05,9.0,6937.08984375
2018-11-06,12.0,6988.85009765625
2018-11-07,25.0,7203.1298828125
2018-11-08,29.0,7158.58984375
2018-11-09,18.0,7039.14990234375
2018-11-12,11.0,6829.10009765625
2018-11-13,10.0,6830.91015625
2018-11-14,7.0,6769.8701171875
2018-11-15,10.0,6890.4501953125
2018-11-16,10.0,6867.02001953125
2018-11-19,8.0,6642.919921875
2018-11-20,7.0,6526.9599609375
2018-11-21,13.0,6575.66015625
2018-11-23,9.0,6527.35009765625
2018-11-26,17.0,6678.33984375
2018-11-27,19.0,6701.0400390625
2018-11-28,21.0,6913.330078125
2018-11-29,23.0,6892.39990234375
2018-11-30,22.0,6949.009765625
2018-12-03,20.0,7062.1298828125
2018-12-04,20.0,6795.2099609375
2018-12-06,15.0,6838.85009765625
2018-12-07,11.0,6613.27978515625
2018-12-10,9.0,6682.740234375
2018-12-11,8.0,6704.240234375
2018-12-12,10.0,6763.9599609375
2018-12-13,11.0,6767.97021484375
2018-12-14,8.0,6594.9599609375
2018-12-17,10.0,6448.39013671875
2018-12-18,8.0,6491.52001953125
2018-12-19,8.0,6342.97021484375
2018-12-20,5.0,6243.18994140625
2018-12-21,3.0,6046.56005859375
2018-12-24,2.0,5899.35009765625
2018-12-26,4.0,6262.77001953125
2018-12-27,8.0,6288.2998046875
2018-12-28,12.0,6285.27001953125
2018-12-31,12.0,6329.97021484375
2019-01-02,12.0,6360.8701171875
2019-01-03,10.0,6147.1298828125
2019-01-04,16.0,6422.669921875
2019-01-07,19.0,6488.25
2019-01-08,22.0,6551.85009765625
2019-01-09,27.0,6600.68994140625
2019-01-10,31.0,6620.93994140625
2019-01-11,30.0,6601.39990234375
2019-01-14,28.0,6541.0400390625
2019-01-15,31.0,6669.64013671875
2019-01-16,36.0,6668.56005859375
2019-01-17,44.0,6718.4501953125
2019-01-18,51.0,6784.60986328125
2019-01-22,51.0,6646.81005859375
2019-01-23,55.0,6658.759765625
2019-01-24,58.0,6702.5498046875
2019-01-25,58.0,6787.3701171875
2019-01-28,55.0,6697.08984375
2019-01-29,55.0,6632.7900390625
2019-01-30,58.0,6807.91015625
2019-01-31,58.0,6906.83984375
2019-02-01,61.0,6875.52001953125
2019-02-04,62.0,6959.9599609375
2019-02-05,64.0,7023.52001953125
2019-02-06,63.0,6997.6201171875
2019-02-07,63.0,6904.97998046875
2019-02-08,63.0,6913.1298828125
2019-02-11,62.0,6909.18017578125
2019-02-12,67.0,7014.669921875
2019-02-13,65.0,7015.8798828125
2019-02-14,67.0,7022.419921875
2019-02-15,67.0,7055.18017578125
2019-02-19,69.0,7066.60986328125
2019-02-20,70.0,7062.33984375
2019-02-21,70.0,7035.16015625
2019-02-22,69.0,7090.6298828125
2019-02-25,70.0,7115.43017578125
2019-02-26,70.0,7123.22021484375
2019-02-27,72.0,7117.0
2019-02-28,72.0,7097.52978515625
2019-03-01,71.0,7151.56982421875
2019-03-04,65.0,7150.830078125
2019-03-05,63.0,7156.7900390625
2019-03-06,61.0,7112.47021484375
2019-03-07,58.0,7026.8798828125
2019-03-08,55.0,7015.68994140625
2019-03-11,59.0,7164.02001953125
2019-03-12,59.0,7201.27978515625
2019-03-13,60.0,7256.97998046875
2019-03-14,60.0,7243.009765625
2019-03-15,65.0,7306.990234375
2019-03-18,67.0,7326.27978515625
2019-03-19,67.0,7349.27978515625
2019-03-20,64.0,7380.75
2019-03-21,64.0,7493.27001953125
2019-03-22,59.0,7326.06005859375
2019-03-25,55.0,7316.9599609375
2019-03-26,51.0,7351.14990234375
2019-03-27,52.0,7308.18994140625
2019-03-28,48.0,7320.47021484375
2019-03-29,49.0,7378.77001953125
2019-04-01,56.0,7478.419921875
2019-04-02,56.0,7499.64013671875
2019-04-03,64.0,7544.97021484375
2019-04-04,70.0,7540.56982421875
2019-04-05,74.0,7578.83984375
2019-04-08,72.0,7599.740234375
2019-04-09,70.0,7568.490234375
2019-04-10,72.0,7611.490234375
2019-04-11,68.0,7594.89013671875
2019-04-12,72.0,7628.14990234375
2019-04-15,70.0,7629.1201171875
2019-04-16,69.0,7654.72998046875
2019-04-17,71.0,7680.72021484375
2019-04-18,70.0,7689.72021484375
2019-04-22,71.0,7713.490234375
2019-04-23,73.0,7810.7099609375
2019-04-24,70.0,7784.41015625
2019-04-25,71.0,7816.919921875
2019-04-26,72.0,7826.68017578125
2019-04-29,69.0,7839.0400390625
2019-04-30,65.0,7781.4599609375
2019-05-01,65.0,7751.85009765625
2019-05-02,59.0,7724.06005859375
2019-05-03,58.0,7845.72998046875
2019-05-06,40.0,7794.08984375
2019-05-07,42.0,7640.14990234375
2019-05-08,42.0,7617.5498046875
2019-05-09,40.0,7582.75
2019-05-10,41.0,7586.52978515625
2019-05-13,35.0,7324.1298828125
2019-05-14,35.0,7401.8798828125
2019-05-15,35.0,7503.25
2019-05-16,37.0,7580.14013671875
2019-05-17,36.0,7503.68017578125
2019-05-20,33.0,7376.7001953125
2019-05-21,34.0,7451.02001953125
2019-05-22,32.0,7420.66015625
2019-05-23,28.0,7307.93017578125
2019-05-24,27.0,7300.9599609375
2019-05-28,23.0,7278.3798828125
2019-05-29,25.0,7216.85986328125
2019-05-30,24.0,7245.39990234375
2019-05-31,24.0,7127.9599609375
2019-06-03,25.0,6978.02001953125
2019-06-04,28.0,7166.75
2019-06-05,29.0,7220.89990234375
2019-06-06,29.0,7275.93017578125
2019-06-07,32.0,7417.2900390625
2019-06-10,37.0,7501.93017578125
2019-06-11,36.0,7513.85009765625
2019-06-12,34.0,7472.2900390625
2019-06-13,39.0,7510.68017578125
2019-06-14,38.0,7479.10986328125
2019-06-17,40.0,7526.52001953125
2019-06-18,44.0,7635.39990234375
2019-06-19,42.0,7667.740234375
2019-06-20,45.0,7738.0498046875
2019-06-21,52.0,7728.77978515625
2019-06-24,50.0,7723.02001953125
2019-06-25,44.0,7591.5400390625
2019-06-26,48.0,7627.0498046875
2019-06-27,47.0,7657.0498046875
2019-06-28,50.0,7671.080078125
2019-07-01,55.0,7768.14013671875
2019-07-02,62.0,7799.81982421875
2019-07-03,62.0,7857.68994140625
2019-07-05,61.0,7841.2998046875
2019-07-08,59.0,7785.7900390625
2019-07-09,56.0,7826.85986328125
2019-07-10,58.0,7903.39990234375
2019-07-11,62.0,7896.77978515625
2019-07-12,64.0,7943.240234375
2019-07-15,57.0,7966.93017578125
2019-07-16,55.0,7927.080078125
2019-07-17,47.0,7888.759765625
2019-07-18,47.0,7904.1298828125
2019-07-19,44.0,7834.89990234375
2019-07-22,44.0,7905.1201171875
2019-07-23,50.0,7954.56005859375
2019-07-24,57.0,8010.60986328125
2019-07-25,55.0,7929.8701171875
2019-07-26,60.0,8016.9501953125
2019-07-29,58.0,7989.080078125
2019-07-30,53.0,7952.47021484375
2019-07-31,48.0,7848.77978515625
2019-08-01,43.0,7801.14990234375
2019-08-02,36.0,7692.7998046875
2019-08-05,22.0,7415.68994140625
2019-08-06,27.0,7521.31982421875
2019-08-07,25.0,7551.89990234375
2019-08-08,25.0,7724.830078125
2019-08-09,25.0,7646.27001953125
2019-08-12,23.0,7561.68017578125
2019-08-13,27.0,7728.14990234375
2019-08-14,21.0,7490.1298828125
2019-08-15,19.0,7484.89013671875
2019-08-16,20.0,7604.10986328125
2019-08-19,26.0,7719.31982421875
2019-08-20,23.0,7664.47021484375
2019-08-21,25.0,7733.22021484375
2019-08-22,25.0,7707.43017578125
2019-08-23,18.0,7464.990234375
2019-08-26,19.0,7575.02001953125
2019-08-27,16.0,7566.02978515625
2019-08-28,18.0,7587.89990234375
2019-08-29,26.0,7702.31005859375
2019-08-30,23.0,7691.0
2019-09-03,25.0,7609.509765625
2019-09-04,28.0,7719.25
2019-09-05,39.0,7862.5400390625
2019-09-06,35.0,7852.5400390625
2019-09-09,45.0,7832.39990234375
2019-09-10,55.0,7814.740234375
2019-09-11,57.0,7887.580078125
2019-09-12,65.0,7917.33984375
2019-09-13,68.0,7892.9501953125
2019-09-16,67.0,7852.41015625
2019-09-17,66.0,7888.7900390625
2019-09-18,66.0,7888.56005859375
2019-09-19,63.0,7901.7900390625
2019-09-20,58.0,7823.5498046875
2019-09-23,59.0,7818.60986328125
2019-09-24,54.0,7710.0400390625
2019-09-25,59.0,7803.5400390625
2019-09-26,57.0,7771.990234375
2019-09-27,52.0,7681.580078125
2019-09-30,54.0,7749.4501953125
2019-10-01,48.0,7684.14013671875
2019-10-02,34.0,7550.7900390625
2019-10-03,29.0,7638.39013671875
2019-10-04,32.0,7754.10009765625
2019-10-07,30.0,7725.1298828125
2019-10-08,29.0,7604.27001953125
2019-10-09,30.0,7690.52978515625
2019-10-10,36.0,7740.35986328125
2019-10-11,42.0,7843.8798828125
2019-10-14,42.0,7842.330078125
2019-10-15,42.0,7942.85009765625
2019-10-16,47.0,7920.2099609375
2019-10-17,50.0,7942.14013671875
2019-10-18,50.0,7868.490234375
2019-10-21,56.0,7940.330078125
2019-10-22,59.0,7874.6201171875
2019-10-23,55.0,7889.47021484375
2019-10-24,57.0,7966.72021484375
2019-10-25,62.0,8029.22021484375
2019-10-28,67.0,8110.669921875
2019-10-29,71.0,8047.509765625
2019-10-30,75.0,8083.10986328125
2019-10-31,72.0,8083.830078125
2019-11-01,80.0,8161.169921875
2019-11-04,86.0,8210.66015625
2019-11-05,89.0,8210.1796875
2019-11-06,88.0,8196.0302734375
2019-11-07,91.0,8219.650390625
2019-11-08,91.0,8255.8896484375
2019-11-11,89.0,8241.91015625
2019-11-12,88.0,8263.7900390625
2019-11-13,87.0,8259.8095703125
2019-11-14,83.0,8257.830078125
2019-11-15,87.0,8315.51953125
2019-11-18,83.0,8328.48046875
2019-11-19,80.0,8338.740234375
2019-11-20,74.0,8283.75
2019-11-21,70.0,8265.6201171875
2019-11-22,69.0,8272.0498046875
2019-11-25,70.0,8371.9296875
2019-11-26,69.0,8385.75
2019-11-27,78.0,8444.7099609375
2019-11-29,79.0,8403.6796875
2019-12-02,74.0,8309.259765625
2019-12-03,63.0,8254.740234375
2019-12-04,67.0,8296.5302734375
2019-12-05,67.0,8308.400390625
2019-12-06,70.0,8397.3701171875
2019-12-09,68.0,8362.740234375
2019-12-10,65.0,8354.2900390625
2019-12-11,61.0,8402.6103515625
2019-12-12,74.0,8466.8896484375
2019-12-13,75.0,8487.7099609375
2019-12-16,82.0,8570.330078125
2019-12-17,85.0,8575.7001953125
2019-12-18,87.0,8580.6201171875
2019-12-19,90.0,8641.2900390625
2019-12-20,91.0,8678.490234375
2019-12-23,92.0,8696.009765625
2019-12-24,91.0,8699.509765625
2019-12-26,93.0,8778.3095703125
2019-12-27,91.0,8770.98046875
2019-12-30,90.0,8709.73046875
2019-12-31,93.0,8733.0703125
2020-01-02,97.0,8872.2197265625
2020-01-03,93.0,8793.900390625
2020-01-06,93.0,8848.51953125
2020-01-07,89.0,8846.4501953125
2020-01-08,92.0,8912.3701171875
2020-01-09,93.0,8989.6298828125
2020-01-10,91.0,8966.6396484375
2020-01-13,90.0,9070.650390625
2020-01-14,91.0,9033.419921875
2020-01-15,87.0,9035.669921875
2020-01-16,89.0,9125.0
2020-01-17,89.0,9173.73046875
2020-01-21,82.0,9166.6298828125
2020-01-22,74.0,9188.580078125
2020-01-23,68.0,9216.98046875
2020-01-24,62.0,9141.4697265625
2020-01-27,48.0,8952.1796875
2020-01-28,52.0,9090.9296875
2020-01-29,53.0,9101.6103515625
2020-01-30,56.0,9136.08984375
2020-01-31,44.0,8991.509765625
2020-02-03,46.0,9126.23046875
2020-02-04,55.0,9334.0595703125
2020-02-05,60.0,9367.48046875
2020-02-06,64.0,9445.919921875
2020-02-07,57.0,9401.099609375
2020-02-10,55.0,9516.83984375
2020-02-11,56.0,9517.8603515625
2020-02-12,59.0,9613.2001953125
2020-02-13,58.0,9595.7001953125
2020-02-14,55.0,9623.580078125
2020-02-18,51.0,9629.7998046875
2020-02-19,53.0,9718.73046875
2020-02-20,50.0,9627.830078125
2020-02-21,44.0,9446.6904296875
2020-02-24,29.0,9079.6298828125
2020-02-25,22.0,8834.8701171875
2020-02-26,21.0,8873.759765625
2020-02-27,13.0,8436.669921875
2020-02-28,10.0,8461.830078125
2020-03-02,14.0,8877.98046875
2020-03-03,10.0,8594.490234375
2020-03-04,15.0,8949.2802734375
2020-03-05,9.0,8671.66015625
2020-03-06,7.0,8530.33984375
2020-03-09,3.0,7948.02978515625
2020-03-10,6.0,8372.26953125
2020-03-11,4.0,8006.1201171875
2020-03-12,2.0,7263.64990234375
2020-03-13,5.0,7995.259765625
2020-03-16,3.0,7020.3798828125
2020-03-17,4.0,7473.9501953125
2020-03-18,5.0,7175.18017578125
2020-03-19,7.0,7288.52001953125
2020-03-20,8.0,6994.2900390625
2020-03-23,5.0,7006.919921875
2020-03-24,13.0,7553.830078125
2020-03-25,17.0,7469.6201171875
2020-03-26,22.0,7897.1298828125
2020-03-27,23.0,7588.3701171875
2020-03-30,25.0,7889.009765625
2020-03-31,25.0,7813.5
2020-04-01,22.0,7486.2900390625
2020-04-02,21.0,7635.66015625
2020-04-03,22.0,7528.10986328125
2020-04-06,27.0,8081.66015625
2020-04-07,25.0,8049.31005859375
2020-04-08,31.0,8229.5400390625
2020-04-09,43.0,8238.5302734375
2020-04-13,37.0,8332.740234375
2020-04-14,45.0,8692.16015625
2020-04-15,41.0,8591.9599609375
2020-04-16,42.0,8757.830078125
2020-04-17,44.0,8832.41015625
2020-04-20,41.0,8726.509765625
2020-04-21,40.0,8403.0
2020-04-22,40.0,8664.6396484375
2020-04-23,40.0,8641.5
2020-04-24,39.0,8786.599609375
2020-04-27,42.0,8837.66015625
2020-04-28,41.0,8677.599609375
2020-04-29,47.0,8982.759765625
2020-04-30,47.0,9000.509765625
2020-05-01,42.0,8718.1796875
2020-05-04,44.0,8834.1103515625
2020-05-05,44.0,8930.6201171875
2020-05-06,40.0,8984.8603515625
2020-05-07,40.0,9101.8798828125
2020-05-08,45.0,9220.349609375
2020-05-11,44.0,9298.919921875
2020-05-12,39.0,9112.4501953125
2020-05-13,39.0,9000.080078125
2020-05-14,38.0,9094.419921875
2020-05-15,39.0,9152.6396484375
2020-05-18,47.0,9331.9296875
2020-05-19,48.0,9298.5400390625
2020-05-20,52.0,9485.01953125
2020-05-21,52.0,9377.990234375
2020-05-22,50.0,9413.990234375
2020-05-26,50.0,9389.98046875
2020-05-27,53.0,9442.0498046875
2020-05-28,50.0,9416.7099609375
2020-05-29,52.0,9555.5302734375
2020-06-01,58.0,9598.8896484375
2020-06-02,58.0,9657.3095703125
2020-06-03,60.0,9704.6904296875
2020-06-04,62.0,9629.66015625
2020-06-05,66.0,9824.3896484375
2020-06-08,67.0,9901.51953125
2020-06-09,67.0,9967.169921875
2020-06-10,67.0,10094.259765625
2020-06-11,56.0,9588.48046875
2020-06-12,54.0,9663.7802734375
2020-06-15,53.0,9776.8896484375
2020-06-16,52.0,9949.3701171875
2020-06-17,52.0,9982.48046875
2020-06-18,51.0,10012.0498046875
2020-06-19,52.0,10008.6396484375
2020-06-22,52.0,10130.330078125
2020-06-23,52.0,10209.8203125
2020-06-24,48.0,10002.7001953125
2020-06-25,49.0,10101.830078125
2020-06-26,45.0,9849.3603515625
2020-06-29,48.0,9961.16015625
2020-06-30,47.0,10156.849609375
2020-07-01,48.0,10279.25
2020-07-02,50.0,10341.8896484375
2020-07-06,51.0,10604.0595703125
2020-07-07,49.0,10524.009765625
2020-07-08,52.0,10666.7001953125
2020-07-09,53.0,10754.58984375
2020-07-10,59.0,10836.330078125
2020-07-13,53.0,10602.2099609375
2020-07-14,61.0,10689.51953125
2020-07-15,62.0,10701.6796875
2020-07-16,62.0,10626.4599609375
2020-07-17,63.0,10645.2197265625
2020-07-20,65.0,10952.080078125
2020-07-21,65.0,10833.0703125
2020-07-22,65.0,10870.75
2020-07-23,68.0,10580.58984375
2020-07-24,63.0,10483.1298828125
2020-07-27,65.0,10674.3798828125
2020-07-28,63.0,10532.5
2020-07-29,64.0,10662.98046875
2020-07-30,62.0,10715.509765625
2020-07-31,65.0,10905.8798828125
2020-08-03,67.0,11055.080078125
2020-08-04,67.0,11096.5400390625
2020-08-05,70.0,11125.4404296875
2020-08-06,73.0,11267.080078125
2020-08-07,72.0,11139.3896484375
2020-08-10,75.0,11085.169921875
2020-08-11,71.0,10876.080078125
2020-08-12,73.0,11157.7197265625
2020-08-13,72.0,11178.3701171875
2020-08-14,72.0,11164.4501953125
2020-08-17,71.0,11288.5703125
2020-08-18,70.0,11399.0302734375
2020-08-19,68.0,11318.6396484375
2020-08-20,70.0,11477.0498046875
2020-08-21,70.0,11555.16015625
2020-08-24,71.0,11626.169921875
2020-08-25,73.0,11721.8095703125
2020-08-26,74.0,11971.9404296875
2020-08-27,76.0,11926.16015625
2020-08-28,77.0,11995.849609375
2020-08-31,74.0,12110.7001953125
2020-09-01,77.0,12292.8603515625
2020-09-02,78.0,12420.5400390625
2020-09-03,60.0,11771.3701171875
2020-09-04,59.0,11622.1298828125
2020-09-08,55.0,11068.259765625
2020-09-09,65.0,11395.849609375
2020-09-10,59.0,11154.1201171875
2020-09-11,58.0,11087.400390625
2020-09-14,59.0,11277.759765625
2020-09-15,59.0,11438.8701171875
2020-09-16,56.0,11247.599609375
2020-09-17,53.0,11080.9501953125
2020-09-18,52.0,10936.98046875
2021-02-01,43.400000000000006,13248.900390625
2021-02-02,60.46666666666667,13456.1201171875
2021-02-03,59.2,13402.3701171875
2021-02-04,61.06666666666667,13560.8896484375
2021-02-05,68.0,13603.9599609375
2021-02-08,72.86666666666667,13695.01953125
2021-02-09,75.4,13687.080078125
2021-02-10,75.26666666666667,13655.26953125
2021-02-11,76.0,13734.349609375
2021-02-12,77.66666666666667,13807.7001953125
2021-02-16,73.93333333333334,13773.76953125
2021-02-17,70.2,13699.7099609375
2021-02-18,62.53333333333334,13637.509765625
2021-02-19,56.239999999999995,13580.7802734375
2021-02-22,52.48,13223.740234375
2021-02-23,50.56,13194.7099609375
2021-02-24,63.8,13302.1904296875
2021-02-25,46.16,12828.3095703125
2021-02-26,53.52,12909.4404296875
2021-03-01,58.52,13282.9501953125
2021-03-02,50.32000000000001,13059.9501953125
2021-03-03,43.84,12683.330078125
2021-03-04,37.8,12464.0
2021-03-05,41.52,12668.509765625
2021-03-08,39.08,12299.080078125
2021-03-09,43.36,12794.490234375
2021-03-10,45.56,12752.0703125
2021-03-11,50.48,13052.900390625
2021-03-12,53.720000000000006,12937.2900390625
2021-03-15,56.52,13082.5400390625
2021-03-16,54.8,13152.2802734375
2021-03-17,57.86666666666667,13202.3798828125
2021-03-18,52.333333333333336,12789.1396484375
2021-03-19,50.833333333333336,12866.990234375
2021-03-22,50.7,13086.509765625
2021-03-23,41.8,13017.7900390625
2021-03-24,37.66666666666667,12798.8798828125
2021-03-25,37.833333333333336,12780.509765625
2021-03-26,37.56666666666667,12979.1201171875
2021-03-29,39.56666666666667,12965.740234375
2021-03-30,42.03333333333334,12896.5302734375
2021-03-31,44.56666666666667,13091.4404296875
2021-04-01,46.400000000000006,13329.51953125
2021-04-05,54.56666666666667,13598.16015625
2021-04-06,53.5,13578.4599609375
2021-04-07,52.53333333333333,13616.7001953125
2021-04-08,48.099999999999994,13758.509765625
2021-04-09,47.5,13845.0595703125
2021-04-12,43.43333333333334,13819.349609375
2021-04-13,43.63333333333333,13986.490234375
2021-04-14,39.96666666666667,13803.91015625
2021-04-15,47.16666666666668,14026.1904296875
2021-04-16,51.3,14041.91015625
2021-04-19,45.26666666666667,13907.669921875
2021-04-20,42.866666666666674,13809.2998046875
2021-04-21,49.63333333333333,13935.150390625
2021-04-22,46.70000000000001,13762.3603515625
2021-04-23,47.7,13941.4404296875
2021-04-26,50.53333333333334,14026.16015625
2021-04-27,54.8,13960.2802734375
2021-04-28,52.400000000000006,13901.6201171875
2021-04-29,56.166666666666664,13970.2001953125
2021-04-30,46.53333333333333,13860.759765625
2021-05-03,47.56666666666667,13799.7197265625
2021-05-04,43.46666666666667,13544.669921875
2021-05-05,43.03333333333333,13503.3701171875
2021-05-06,43.93333333333334,13613.73046875
2021-05-07,48.166666666666664,13719.6298828125
2021-05-10,44.93333333333334,13359.080078125
2021-05-11,42.03333333333334,13351.26953125
2021-05-12,26.766666666666666,13001.6298828125
2021-05-13,34.433333333333344,13109.150390625
2021-05-14,35.99999999999999,13393.1201171875
2021-05-17,36.36666666666667,13312.91015625
2021-05-18,34.03333333333334,13217.6796875
2021-05-19,32.333333333333336,13237.91015625
2021-05-20,32.300000000000004,13494.08984375
2021-05-21,29.433333333333337,13411.740234375
2021-05-24,29.5,13641.75
2021-05-25,26.66666666666667,13657.73046875
2021-05-26,28.133333333333336,13702.740234375
2021-05-27,30.3,13657.849609375
2021-05-28,31.566666666666663,13686.509765625
2021-06-01,35.4,13654.58984375
2021-06-02,42.13333333333333,13675.7900390625
2021-06-03,40.8,13529.6796875
2021-06-04,41.9,13770.76953125
2021-06-07,44.46666666666667,13802.8896484375
2021-06-08,46.46666666666667,13810.8603515625
2021-06-09,48.53333333333333,13814.9404296875
2021-06-10,48.9,13960.349609375
2021-06-11,51.23333333333334,13998.2998046875
2021-06-14,54.166666666666664,14128.2001953125
2021-06-15,52.666666666666664,14030.41015625
2021-06-16,44.8,13983.009765625
2021-06-17,42.03333333333334,14163.8095703125
2021-06-18,31.600000000000005,14049.580078125
2021-06-21,32.46666666666666,14137.23046875
2021-06-22,32.800000000000004,14270.419921875
2021-06-23,33.26666666666667,14274.240234375
2021-06-24,36.9,14365.9599609375
2021-06-25,41.63333333333333,14345.1796875
2021-06-28,41.43333333333334,14524.98046875
2021-06-29,39.833333333333336,14572.75
2021-06-30,38.00000000000001,14554.7998046875
2021-07-01,38.666666666666664,14560.0498046875
2021-07-02,38.66666666666667,14727.6298828125
2021-07-06,33.300000000000004,14786.3603515625
2021-07-07,33.1,14810.5400390625
2021-07-08,26.96666666666667,14722.1396484375
2021-07-09,31.000000000000004,14826.08984375
2021-07-12,31.7,14877.8896484375
2021-07-13,31.266666666666666,14874.5400390625
2021-07-14,29.533333333333335,14900.4404296875
2021-07-15,27.33333333333334,14794.6904296875
2021-07-16,26.9,14681.3798828125
2021-07-19,8.983333333333334,14549.08984375
2021-07-20,20.066666666666663,14728.2099609375
2021-07-21,24.2,14842.6298828125
2021-07-22,24.333333333333332,14940.169921875
2021-07-23,28.299999999999997,15111.7900390625
2021-07-26,30.9,15125.9501953125
2021-07-27,27.166666666666668,14956.9697265625
2021-07-28,27.46666666666667,15018.099609375
2021-07-29,29.233333333333334,15048.3603515625
2021-07-30,25.76666666666667,14959.900390625
2021-08-02,25.1,14963.6201171875
2021-08-03,29.533333333333335,15061.419921875
2021-08-04,28.633333333333336,15083.3896484375
2021-08-05,29.633333333333336,15181.6396484375
2021-08-06,31.866666666666664,15109.3603515625
2021-08-09,32.06666666666667,15133.1103515625
2021-08-10,34.833333333333336,15053.580078125
2021-08-11,37.93333333333334,15027.759765625
2021-08-12,43.13333333333333,15088.98046875
2021-08-13,47.13333333333333,15136.6796875
2021-08-16,44.866666666666674,15140.76953125
2021-08-17,31.7,15002.830078125
2021-08-18,18.2,14857.919921875
2021-08-19,14.883333333333336,14933.9404296875
2021-08-20,23.86666666666667,15092.5703125
2021-08-23,30.433333333333337,15312.8203125
2021-08-24,34.4,15357.6796875
2021-08-25,36.03333333333333,15368.919921875
2021-08-26,36.833333333333336,15278.51953125
2021-08-27,47.46666666666667,15432.9501953125
2021-08-30,47.86666666666667,15605.08984375
2021-08-31,47.23333333333333,15582.509765625
2021-09-01,43.13333333333333,15611.5703125
2021-09-02,44.166666666666664,15604.25
2021-09-03,44.06666666666666,15652.8603515625
2021-09-07,41.7,15675.759765625
2021-09-08,38.56666666666667,15620.849609375
2021-09-09,33.800000000000004,15561.0498046875
2021-09-10,20.600000000000005,15440.75
2021-09-13,28.266666666666666,15434.5
2021-09-14,24.8,15382.900390625
2021-09-15,31.200000000000003,15503.5302734375
2021-09-16,31.500000000000004,15515.91015625
2021-09-17,17.933333333333337,15333.4697265625
2021-09-20,11.1,15012.1904296875
2021-09-21,11.449999999999998,15027.76953125
2021-09-22,20.033333333333335,15176.509765625
2021-09-23,24.5,15316.580078125
2021-09-24,23.83333333333334,15329.6796875
2021-09-27,24.766666666666666,15204.8203125
2021-09-28,12.466666666666669,14770.2998046875
2021-09-29,12.483333333333334,14752.8896484375
2021-09-30,9.966666666666669,14689.6201171875
2021-10-01,18.333333333333332,14791.8701171875
2021-10-04,9.500000000000002,14472.1201171875
2021-10-05,18.766666666666666,14674.150390625
2021-10-06,20.066666666666663,14766.75
2021-10-07,24.600000000000005,14897.1298828125
2021-10-08,25.26666666666667,14820.75
2021-10-11,25.9,14713.73046875
2021-10-12,22.7,14662.1103515625
2021-10-13,24.100000000000005,14774.599609375
2021-10-14,31.833333333333332,15052.419921875
2021-10-15,43.63333333333333,15146.919921875
2021-10-18,46.56666666666666,15300.8896484375
2021-10-19,53.400000000000006,15410.7197265625
2021-10-20,56.56666666666667,15388.7099609375
2021-10-21,60.2,15489.58984375
2021-10-22,59.5,15355.0703125
2021-10-25,62.96666666666667,15514.1904296875
2021-10-26,63.03333333333334,15559.490234375
2021-10-27,58.333333333333336,15598.3896484375
2021-10-28,64.4,15778.16015625
2021-10-29,65.43333333333334,15850.4697265625
2021-11-01,66.13333333333334,15905.2802734375
2021-11-02,68.26666666666667,15972.490234375
2021-11-03,72.2,16144.5
2021-11-04,72.43333333333334,16346.240234375
2021-11-05,73.60000000000001,16359.3798828125
2021-11-08,74.53333333333335,16336.0302734375
2021-11-09,77.17142857142858,16219.9404296875
2021-11-10,73.08571428571429,15985.5703125
2021-11-11,72.22857142857143,16032.4697265625
2021-11-12,74.0,16199.8896484375
2021-11-15,71.62857142857145,16189.1201171875
2021-11-16,72.48571428571428,16309.76953125
2021-11-17,69.2,16308.0703125
2021-11-18,70.14285714285715,16482.970703125
2021-11-19,62.77142857142859,16573.33984375
2021-11-22,60.0,16380.98046875
2021-11-23,60.371428571428574,16306.7197265625
2021-11-24,56.94285714285714,16367.8095703125
2021-11-26,31.25714285714286,16025.580078125
2021-11-29,38.114285714285714,16399.240234375
2021-11-30,24.771428571428572,16135.919921875
2021-12-01,25.357142857142858,15877.7197265625
2021-12-02,22.928571428571427,15990.759765625
2021-12-03,20.157142857142865,15712.0400390625
2021-12-06,21.25714285714286,15846.16015625
2021-12-07,37.88571428571429,16325.66015625
2021-12-08,41.31428571428573,16394.33984375
2021-12-09,36.85714285714287,16149.5703125
2021-12-10,42.0,16331.98046875
2021-12-13,35.4,16082.5498046875
2021-12-14,31.542857142857144,15914.900390625
2021-12-15,37.8,16289.58984375
2021-12-16,33.57142857142858,15863.9404296875
2021-12-17,32.51428571428572,15801.4599609375
2021-12-20,29.428571428571427,15627.6396484375
2021-12-21,34.028571428571425,15986.2802734375
2021-12-22,39.542857142857144,16180.1396484375
2021-12-23,50.48571428571428,16308.2099609375
2021-12-27,56.39999999999999,16567.5
2021-12-28,62.971428571428575,16488.66015625
2021-12-29,64.02857142857144,16491.009765625
2021-12-30,63.97142857142858,16429.099609375
2021-12-31,62.54285714285715,16320.080078125
2022-01-03,65.22857142857144,16501.76953125
2022-01-04,64.25714285714285,16279.73046875
2022-01-05,51.02857142857143,15771.7802734375
2022-01-06,52.142857142857146,15765.3603515625
2022-01-07,49.25714285714287,15592.1904296875
2022-01-10,51.142857142857146,15614.4296875
2022-01-11,56.114285714285714,15844.1201171875
2022-01-12,55.94285714285714,15905.099609375
2022-01-13,52.17142857142857,15495.6201171875
2022-01-14,55.8,15611.58984375
2022-01-18,53.714285714285715,15210.759765625
2022-01-19,44.82857142857143,15047.83984375
2022-01-20,39.142857142857146,14846.4599609375
2022-01-21,26.728571428571428,14438.400390625
2022-01-24,23.128571428571433,14509.580078125
2022-01-25,20.88571428571429,14149.1201171875
2022-01-26,19.514285714285716,14172.759765625
2022-01-27,18.6,14003.1103515625
2022-01-28,23.857142857142858,14454.6103515625
2022-01-31,29.200000000000006,14930.0498046875
2022-02-01,30.800000000000004,15019.6796875
2022-02-02,28.800000000000004,15139.740234375
2022-02-03,26.057142857142857,14501.1103515625
2022-02-04,27.6,14694.349609375
2022-02-07,27.914285714285715,14571.25
2022-02-08,28.942857142857143,14747.0302734375
2022-02-09,32.65714285714286,15056.9599609375
2022-02-10,33.6,14705.6396484375
2022-02-11,28.48571428571429,14253.83984375
2022-02-14,25.685714285714287,14268.58984375
2022-02-15,29.97142857142857,14620.8203125
2022-02-16,32.08571428571428,14603.6396484375
2022-02-17,32.457142857142856,14171.740234375
2022-02-18,29.514285714285716,14009.5400390625
2022-02-22,28.771428571428572,13870.5302734375
2022-02-23,18.814285714285713,13509.4296875
2022-02-24,21.228571428571428,13974.669921875
2022-02-25,28.142857142857142,14189.16015625
2022-02-28,25.47142857142857,14237.8095703125
2022-03-01,22.97142857142857,14005.990234375
2022-03-02,17.82857142857143,14243.6904296875
2022-03-03,21.72857142857143,14035.2099609375
2022-03-04,18.17142857142857,13837.830078125
2022-03-07,16.9,13319.3798828125
2022-03-08,16.67142857142857,13267.6103515625
2022-03-09,18.028571428571432,13742.2001953125
2022-03-10,17.95714285714286,13591.0
2022-03-11,19.057142857142857,13301.830078125
2022-03-14,17.5,13046.6396484375
2022-03-15,21.857142857142858,13458.5595703125
2022-03-16,25.25714285714286,13956.7900390625
2022-03-17,33.62857142857143,14118.599609375
2022-03-18,38.42857142857143,14420.080078125
2022-03-21,40.971428571428575,14376.08984375
2022-03-22,44.542857142857144,14654.330078125
2022-03-23,45.2,14447.5498046875
2022-03-24,46.91428571428571,14765.6904296875
2022-03-25,49.371428571428574,14754.3095703125
2022-03-28,51.25714285714286,14987.400390625
2022-03-29,52.714285714285715,15239.3203125
2022-03-30,52.8,15071.5498046875
2022-03-31,59.2,14838.490234375
2022-04-01,59.8,14861.2099609375
2022-04-04,61.65714285714286,15159.580078125
2022-04-05,47.91428571428571,14820.6396484375
2022-04-06,46.4,14498.8896484375
2022-04-07,46.82857142857142,14531.8095703125
2022-04-08,46.08571428571429,14327.259765625
2022-04-11,43.4,13990.2099609375
2022-04-12,42.05714285714286,13940.240234375
2022-04-13,41.8,14217.2900390625
2022-04-14,39.857142857142854,13893.2099609375
2022-04-18,37.6,13910.759765625
2022-04-19,39.628571428571426,14210.259765625
2022-04-20,43.31428571428571,13998.5302734375
2022-04-21,38.94285714285714,13720.4501953125
2022-04-22,31.62857142857143,13356.8701171875
2022-04-25,29.97142857142857,13533.2197265625
2022-04-26,17.900000000000002,13009.7099609375
2022-04-27,16.271428571428572,13003.3603515625
2022-04-28,24.25714285714286,13456.0595703125
2022-04-29,14.328571428571427,12854.7998046875
2022-05-02,13.27142857142857,13075.849609375
2022-05-03,30.485714285714288,13089.900390625
2022-05-04,22.4,13535.7099609375
2022-05-05,13.128571428571432,12850.5498046875
2022-05-06,12.242857142857146,12693.5302734375
2022-05-09,8.185714285714285,12187.7197265625
2022-05-10,7.4,12345.8603515625
2022-05-11,4.028571428571429,11967.5595703125
2022-05-12,3.2,11945.5
2022-05-13,11.285714285714286,12387.400390625
2022-05-16,11.742857142857144,12243.580078125
2022-05-17,15.2,12564.099609375
2022-05-18,6.6000000000000005,11928.3095703125
2022-05-19,13.714285714285714,11875.6298828125
2022-05-20,12.657142857142858,11835.6201171875
2022-05-23,17.885714285714283,12034.2802734375
2022-05-24,16.0,11769.83984375
2022-05-25,17.571428571428573,11943.9296875
2022-05-26,24.114285714285717,12276.7900390625
2022-05-27,29.542857142857144,12681.419921875
2022-05-31,40.057142857142864,12642.099609375
2022-06-01,40.60000000000001,12548.3603515625
2022-06-02,44.82857142857143,12892.8896484375
2022-06-03,35.45714285714286,12548.0302734375
2022-06-06,42.8,12599.6298828125
2022-06-07,45.62857142857143,12711.6796875
2022-06-08,48.11428571428571,12615.1298828125
2022-06-09,47.05714285714286,12269.7802734375
2022-06-10,40.00000000000001,11832.8203125
2022-06-13,25.085714285714293,11288.3203125
2022-06-14,20.528571428571432,11311.6904296875
2022-06-15,29.25714285714286,11593.76953125
2022-06-16,17.700000000000003,11127.5703125
2022-06-17,16.92857142857143,11265.990234375
2022-06-21,19.728571428571428,11546.759765625
2022-06-22,26.885714285714283,11527.7099609375
2022-06-23,26.742857142857144,11697.6796875
2022-06-24,30.85714285714286,12105.849609375
2022-06-27,30.771428571428572,12008.240234375
2022-06-28,28.142857142857142,11637.76953125
2022-06-29,26.542857142857144,11658.259765625
2022-06-30,24.371428571428577,11503.7197265625
2022-07-01,24.571428571428573,11585.6796875
2022-07-05,22.171428571428574,11779.900390625
2022-07-06,22.828571428571426,11852.58984375
2022-07-07,27.6,12109.0498046875
2022-07-08,31.342857142857145,12125.6904296875
2022-07-11,30.37142857142857,11860.2802734375
2022-07-12,30.314285714285713,11744.990234375
2022-07-13,27.28571428571428,11728.5302734375
2022-07-14,26.514285714285716,11768.400390625
2022-07-15,33.285714285714285,11983.6201171875
2022-07-18,35.885714285714286,11877.5
2022-07-19,39.31428571428571,12249.419921875
2022-07-20,44.08571428571429,12439.6796875
2022-07-21,48.2,12619.41015625
2022-07-22,42.42857142857143,12396.4697265625
2022-07-25,42.2,12328.41015625
2022-07-26,42.0,12086.900390625
2022-07-27,46.628571428571426,12601.4697265625
2022-07-28,48.48571428571429,12717.8701171875
2022-07-29,52.4,12947.9697265625
2022-08-01,59.08571428571429,12940.7802734375
2022-08-02,57.371428571428574,12901.599609375
2022-08-03,60.25714285714286,13253.259765625
2022-08-04,61.51428571428571,13311.0400390625
2022-08-05,63.31428571428573,13207.6904296875
2022-08-08,64.74285714285715,13159.16015625
2022-08-09,64.45714285714286,13008.169921875
2022-08-10,65.11428571428571,13378.3203125
2022-08-11,65.82857142857144,13291.990234375
2022-08-12,68.02857142857144,13565.8701171875
2022-08-15,66.82857142857144,13667.1796875
2022-08-16,67.94285714285715,13635.2099609375
2022-08-17,67.14285714285715,13470.8603515625
2022-08-18,66.37142857142858,13505.990234375
2022-08-19,63.714285714285715,13242.900390625
2022-08-22,60.31428571428573,12890.5400390625
2022-08-23,57.42857142857144,12881.7900390625
2022-08-24,57.51428571428571,12917.8603515625
2022-08-25,58.25714285714287,13143.580078125
2022-08-26,55.74285714285714,12605.169921875
2022-08-29,54.285714285714285,12484.3203125
2022-08-30,49.8,12342.7001953125
2022-08-31,52.08571428571429,12272.0302734375
2022-09-01,49.371428571428574,12274.6201171875
2022-09-02,42.457142857142856,12098.4404296875
2022-09-06,40.62857142857143,12011.3095703125
2022-09-07,39.62857142857143,12259.3896484375
2022-09-08,40.371428571428574,12321.1904296875
2022-09-09,43.8,12588.2900390625
2022-09-12,47.6,12739.7197265625
2022-09-13,36.62857142857143,12033.6201171875
2022-09-14,41.885714285714286,12134.400390625
2022-09-15,40.65714285714286,11927.490234375
2022-09-16,35.285714285714285,11861.3798828125
2022-09-19,36.31428571428571,11953.26953125
2022-09-20,36.114285714285714,11851.5400390625
2022-09-21,27.21428571428571,11637.7900390625
2022-09-22,24.48571428571429,11501.650390625
2022-09-23,21.685714285714287,11311.240234375
2022-09-26,17.62857142857143,11254.1103515625
2022-09-27,16.514285714285716,11271.75
2022-09-28,17.02857142857143,11493.830078125
2022-09-29,13.257142857142858,11164.7802734375
2022-09-30,16.45714285714286,10971.2197265625
2022-10-03,20.38571428571429,11229.73046875
2022-10-04,27.88571428571429,11582.5400390625
2022-10-05,29.714285714285715,11573.1796875
2022-10-06,23.142857142857142,11485.5
2022-10-07,19.67142857142857,11039.4697265625
2022-10-10,19.4,10926.9697265625
2022-10-11,16.885714285714283,10791.349609375
2022-10-12,15.942857142857145,10785.6201171875
2022-10-13,19.37142857142857,11033.580078125
2022-10-14,16.45714285714286,10692.0595703125
2022-10-17,23.4,11062.5302734375
2022-10-18,28.800000000000004,11147.740234375
2022-10-19,29.428571428571427,11103.3798828125
2022-10-20,39.08571428571429,11046.7099609375
2022-10-21,43.74285714285715,11310.330078125
2022-10-24,47.22857142857142,11430.259765625
2022-10-25,51.371428571428574,11669.990234375
2022-10-26,53.8,11405.900390625
2022-10-27,54.57142857142857,11191.6298828125
2022-10-28,57.114285714285714,11546.2099609375
2022-10-31,64.05714285714286,11405.5703125
2022-11-01,63.51428571428572,11288.9501953125
2022-11-02,55.285714285714285,10906.33984375
2022-11-03,55.51428571428572,10690.599609375
2022-11-04,56.51428571428572,10857.0302734375
2022-11-07,59.65714285714286,10977.0
2022-11-08,57.94285714285714,11059.5
2022-11-09,54.0,10797.5498046875
2022-11-10,60.34285714285714,11605.9599609375
2022-11-11,63.74285714285713,11817.009765625
2022-11-14,62.68571428571429,11700.9404296875
2022-11-15,66.91428571428573,11871.150390625
2022-11-16,65.08571428571427,11699.08984375
2022-11-17,61.48571428571429,11676.8603515625
2022-11-18,60.34285714285715,11677.01953125
2022-11-21,60.97142857142857,11553.4501953125
2022-11-22,60.8,11724.83984375
2022-11-23,64.25714285714285,11838.7197265625
2022-11-25,63.08571428571429,11756.0302734375
2022-11-28,59.74285714285715,11587.75
2022-11-29,58.17142857142857,11503.4501953125
2022-11-30,73.97142857142856,12030.0595703125
2022-12-01,75.60000000000001,12041.8896484375
2022-12-02,68.14285714285714,11994.259765625
2022-12-05,65.08571428571429,11786.7998046875
2022-12-06,61.82857142857144,11549.6904296875
2022-12-07,58.42857142857143,11497.3896484375
2022-12-08,55.6857142857143,11637.5
2022-12-09,52.08571428571428,11563.330078125
2022-12-12,57.2,11706.4404296875
2022-12-13,59.17142857142858,11834.2099609375
2022-12-14,60.94285714285714,11740.919921875
2022-12-15,60.142857142857146,11345.2197265625
2022-12-16,44.142857142857146,11243.7197265625
2022-12-19,39.971428571428575,11084.58984375
2022-12-20,38.31428571428573,11072.419921875
2022-12-21,38.542857142857144,11235.8798828125
2022-12-22,37.0,10956.1396484375
2022-12-23,39.51428571428572,10985.4501953125
2022-12-27,39.94285714285714,10822.509765625
2022-12-28,35.51428571428572,10679.33984375
2022-12-29,37.142857142857146,10951.0498046875
2022-12-30,36.51428571428571,10939.759765625
2023-01-03,36.6,10862.6396484375
2023-01-04,39.857142857142854,10914.7998046875
2023-01-05,44.17142857142858,10741.2197265625
2023-01-06,45.714285714285715,11040.349609375
2023-01-09,47.2,11108.4501953125
2023-01-10,49.65714285714286,11205.7802734375
2023-01-11,54.228571428571435,11402.51953125
2023-01-12,56.68571428571429,11459.6103515625
2023-01-13,61.31428571428571,11541.48046875
2023-01-17,64.14285714285714,11557.1904296875
2023-01-18,58.42857142857143,11410.2900390625
2023-01-19,55.42857142857144,11295.669921875
2023-01-20,58.542857142857144,11619.0302734375
2023-01-23,63.60000000000001,11872.5400390625
2023-01-24,63.0,11846.6396484375
2023-01-25,63.88571428571429,11814.6904296875
2023-01-26,68.02857142857144,12051.48046875
2023-01-27,69.2,12166.599609375
2023-01-30,67.45714285714287,11912.3896484375
2023-01-31,70.34285714285716,12101.9296875
2023-02-01,82.17142857142858,12363.099609375
2023-02-02,75.2,12803.1396484375
2023-02-03,76.14285714285714,12573.3603515625
2023-02-06,75.91428571428573,12464.509765625
2023-02-07,76.34285714285714,12728.26953125
2023-02-08,74.62857142857142,12495.3798828125
2023-02-09,72.62857142857143,12381.169921875
2023-02-10,72.4857142857143,12304.919921875
2023-02-13,71.82857142857144,12502.3095703125
2023-02-14,73.25714285714287,12590.8896484375
2023-02-15,73.65714285714284,12687.8896484375
2023-02-16,70.71428571428572,12442.48046875
2023-02-17,69.48571428571428,12358.1796875
2023-02-21,65.91428571428573,12060.2998046875
2023-02-22,64.17142857142859,12066.26953125
2023-02-23,62.65714285714285,12180.1396484375
2023-02-24,60.65714285714286,11969.650390625
2023-02-27,61.22857142857144,12057.7900390625
2023-02-28,61.2,12042.1201171875
2023-03-01,65.91428571428573,11938.5703125
2023-03-02,52.45714285714287,12044.8701171875
2023-03-03,55.6857142857143,12290.8095703125
2023-03-06,55.25714285714285,12302.48046875
2023-03-07,48.51428571428571,12152.169921875
2023-03-08,49.82857142857143,12215.330078125
2023-03-09,37.542857142857144,11995.8798828125
2023-03-10,26.885714285714283,11830.2802734375
2023-03-13,23.357142857142858,11923.169921875
2023-03-14,25.085714285714285,12199.7900390625
2023-03-15,22.685714285714287,12251.3203125
2023-03-16,32.57142857142857,12581.3896484375
2023-03-17,27.000000000000004,12519.8798828125
2023-03-20,30.42857142857143,12562.6103515625
2023-03-21,43.48571428571429,12741.4404296875
2023-03-22,41.028571428571425,12567.150390625
2023-03-23,38.34285714285715,12729.23046875
2023-03-24,37.714285714285715,12767.0498046875
2023-03-27,40.2,12673.0703125
2023-03-28,39.6,12610.5703125
2023-03-29,41.457142857142856,12846.0302734375
2023-03-30,45.228571428571435,12963.1396484375
2023-03-31,49.48571428571429,13181.349609375
2023-04-03,61.48571428571428,13148.349609375
2023-04-04,50.228571428571435,13100.080078125
2023-04-05,52.62857142857143,12967.2001953125
2023-04-06,55.25714285714286,13062.599609375
2023-04-10,57.91428571428572,13051.23046875
2023-04-11,58.48571428571428,12964.150390625
2023-04-12,60.74285714285714,12848.349609375
2023-04-13,63.17142857142856,13109.3896484375
2023-04-14,65.71428571428571,13079.51953125
2023-04-17,67.08571428571429,13087.7099609375
2023-04-18,65.4857142857143,13091.7900390625
2023-04-19,67.25714285714287,13088.7099609375
2023-04-20,64.05714285714285,12985.98046875
2023-04-21,63.51428571428572,13000.76953125
2023-04-24,63.48571428571429,12969.759765625
2023-04-25,57.057142857142864,12725.1103515625
2023-04-26,52.4,12806.48046875
2023-04-27,58.31428571428573,13160.0302734375
2023-04-28,59.42857142857143,13245.990234375
2023-05-01,59.42857142857144,13231.4697265625
2023-05-02,55.51428571428572,13113.66015625
2023-05-03,54.62857142857143,13030.2099609375
2023-05-04,49.6,12982.48046875
2023-05-05,53.885714285714286,13259.1298828125
2023-05-08,57.142857142857146,13291.6396484375
2023-05-09,59.57142857142857,13201.1103515625
2023-05-10,59.971428571428575,13347.830078125
2023-05-11,59.057142857142864,13389.7802734375
2023-05-12,57.34285714285715,13340.1796875
2023-05-15,57.25714285714286,13413.509765625
2023-05-16,55.28571428571429,13426.009765625
2023-05-17,60.25714285714286,13589.259765625
2023-05-18,64.91428571428573,13834.6201171875
2023-05-19,65.45714285714287,13803.490234375
2023-05-22,67.85714285714286,13849.740234375
2023-05-23,65.8,13672.5400390625
2023-05-24,61.82857142857143,13604.48046875
2023-05-25,62.6857142857143,13938.5302734375
2023-05-26,65.71428571428571,14298.41015625
2023-05-30,66.08571428571429,14354.990234375
2023-05-31,64.17142857142858,14254.08984375
2023-06-01,68.05714285714286,14441.509765625
2023-06-02,75.42857142857143,14546.6396484375
2023-06-05,69.48571428571428,14556.5
2023-06-06,73.51428571428572,14558.08984375
2023-06-07,74.45714285714287,14303.2900390625
2023-06-08,75.77142857142857,14484.5400390625
2023-06-09,76.97142857142856,14528.3603515625
2023-06-12,78.05714285714286,14784.2998046875
2023-06-13,79.62857142857145,14900.849609375
2023-06-14,79.62857142857142,15005.6904296875
2023-06-15,80.88571428571429,15185.48046875
2023-06-16,81.25714285714287,15083.919921875
2023-06-20,80.11428571428571,15070.150390625
2023-06-21,80.11428571428573,14867.4501953125
2023-06-22,80.05714285714285,15042.3203125
2023-06-23,75.71428571428571,14891.48046875
2023-06-26,73.45714285714287,14689.01953125
2023-06-27,75.48571428571428,14945.91015625
2023-06-28,76.51428571428573,14964.5703125
2023-06-29,79.20000000000002,14939.9501953125
2023-06-30,79.4857142857143,15179.2099609375
2023-07-03,82.22857142857143,15208.6904296875
2023-07-05,79.25714285714287,15203.7802734375
2023-07-06,77.91428571428573,15089.4501953125
2023-07-07,77.68571428571428,15036.849609375
2023-07-10,76.6857142857143,15045.6396484375
2023-07-11,78.28571428571429,15119.0595703125
2023-07-12,78.17142857142858,15307.23046875
2023-07-13,79.39999999999999,15571.98046875
2023-07-14,79.8,15565.599609375
2023-07-17,80.02857142857142,15713.2802734375
2023-07-18,81.68571428571428,15841.349609375
2023-07-19,82.34285714285716,15826.349609375
2023-07-20,80.85714285714286,15466.08984375
2023-07-21,81.02857142857144,15425.669921875
2023-07-24,82.51428571428572,15448.01953125
2023-07-25,81.22857142857143,15561.419921875
2023-07-26,80.60000000000001,15499.259765625
2023-07-27,77.65714285714286,15464.9296875
2023-07-28,76.91428571428573,15750.9296875
2023-07-31,77.62857142857142,15757.0
2023-08-01,77.34285714285716,15718.009765625
2023-08-02,77.34285714285714,15370.740234375
2023-08-03,73.62857142857145,15353.5400390625
2023-08-04,64.5,15274.919921875
2023-08-07,72.05714285714285,15407.849609375
2023-08-08,69.2,15273.0498046875
2023-08-09,67.31428571428572,15101.7099609375
2023-08-10,66.34285714285714,15128.83984375
2023-08-11,65.02857142857144,15028.0703125
2023-08-14,66.28571428571429,15205.58984375
2023-08-15,54.5,15037.650390625
2023-08-16,49.48571428571428,14876.4697265625
2023-08-17,46.142857142857146,14715.8095703125
2023-08-18,43.65714285714286,14694.83984375
2023-08-21,43.48571428571429,14936.6904296875
2023-08-22,43.44285714285714,14908.9599609375
2023-08-23,50.17142857142857,15148.0595703125
2023-08-24,40.58571428571429,14816.4404296875
2023-08-25,47.02857142857143,14941.830078125
2023-08-28,45.285714285714285,15052.4599609375
2023-08-29,49.17142857142857,15376.5498046875
2023-08-30,50.42857142857143,15462.4296875
2023-08-31,52.94285714285714,15501.0703125
2023-09-01,55.028571428571425,15490.8603515625
2023-09-05,59.08571428571428,15508.240234375
2023-09-06,56.714285714285715,15371.4404296875
2023-09-07,53.62857142857143,15258.51953125
2023-09-08,51.91428571428571,15280.23046875
2023-09-11,52.2,15461.8701171875
2023-09-12,51.40000000000001,15289.740234375
2023-09-13,51.40000000000001,15348.5302734375
2023-09-14,54.42857142857144,15473.8896484375
2023-09-15,52.02857142857143,15202.400390625
2023-09-18,49.48571428571429,15225.3701171875
2023-09-19,49.94285714285714,15191.23046875
2023-09-20,48.285714285714285,14969.919921875
2023-09-21,37.15714285714286,14694.240234375
2023-09-22,33.15714285714286,14701.099609375
2023-09-25,38.42857142857143,14768.900390625
2023-09-26,24.22857142857143,14545.830078125
2023-09-27,22.82857142857143,14580.16015625
2023-09-28,29.0,14702.76953125
2023-09-29,28.4,14715.240234375
2023-10-02,28.314285714285713,14837.5703125
2023-10-03,20.528571428571432,14565.6201171875
2023-10-04,20.985714285714288,14776.25
2023-10-05,20.32857142857143,14723.2197265625
2023-10-06,27.714285714285715,14973.240234375
2023-10-09,29.25714285714286,15047.150390625
2023-10-10,32.31428571428572,15131.51953125
2023-10-11,34.34285714285714,15241.1201171875
2023-10-12,35.68571428571429,15184.099609375
2023-10-13,26.271428571428572,14995.1201171875
2023-10-16,35.74285714285715,15172.73046875
2023-10-17,39.142857142857146,15122.009765625
2023-10-18,30.571428571428573,14909.259765625
2023-10-19,29.542857142857144,14783.1298828125
2023-10-20,22.85714285714286,14560.8798828125
2023-10-23,25.842857142857145,14604.849609375
2023-10-24,33.48571428571429,14745.8603515625
2023-10-25,25.214285714285715,14381.6396484375
2023-10-26,22.71428571428572,14109.5703125
2023-10-27,21.614285714285717,14180.419921875
2023-10-30,29.2,14335.509765625
2023-10-31,30.142857142857142,14409.7802734375
2023-11-01,32.17142857142857,14664.91015625
2023-11-02,37.68571428571429,14919.5498046875
2023-11-03,36.114285714285714,15099.490234375
2023-11-06,38.91428571428572,15154.9296875
2023-11-07,39.628571428571426,15296.01953125
2023-11-08,39.771428571428565,15313.240234375
2023-11-09,41.0,15187.900390625
2023-11-10,41.45714285714286,15529.1201171875
2023-11-13,39.88571428571429,15482.7900390625
2023-11-14,46.6,15812.4697265625
2023-11-15,52.542857142857144,15817.1796875
2023-11-16,55.057142857142864,15833.169921875
2023-11-17,58.85714285714287,15837.990234375
2023-11-20,61.28571428571429,16027.0595703125
2023-11-21,61.17142857142858,15933.6201171875
2023-11-22,65.05714285714286,16001.3896484375
2023-11-24,66.85714285714286,15982.009765625
2023-11-27,65.31428571428572,15961.98046875
2023-11-28,65.08571428571429,16010.4296875
2023-11-29,63.28571428571429,15987.599609375
2023-11-30,64.37142857142858,15947.8701171875
2023-12-01,64.51428571428572,15997.580078125
2023-12-04,63.714285714285715,15839.669921875
2023-12-05,65.14285714285714,15877.7099609375
2023-12-06,63.97142857142857,15788.0498046875
2023-12-07,66.14285714285715,16022.490234375
2023-12-08,65.94285714285715,16084.6904296875
2023-12-11,67.28571428571429,16221.73046875
2023-12-12,67.88571428571429,16354.25
2023-12-13,67.54285714285714,16562.369140625
2023-12-14,70.54285714285716,16537.830078125
2023-12-15,69.45714285714287,16623.44921875
2023-12-18,70.48571428571428,16729.80078125
2023-12-19,82.97142857142858,16811.849609375
2023-12-20,75.57142857142857,16554.16015625
2023-12-21,77.0,16757.41015625
2023-12-22,79.74285714285715,16777.400390625
2023-12-26,81.94285714285716,16878.4609375
2023-12-27,81.17142857142858,16906.80078125
2023-12-28,81.25714285714287,16898.470703125
2023-12-29,80.71428571428571,16825.9296875
2024-01-02,79.71428571428571,16543.939453125
2024-01-03,76.71428571428571,16368.490234375
2024-01-04,78.68571428571428,16282.009765625
2024-01-05,75.77142857142859,16305.98046875
2024-01-08,76.17142857142856,16649.869140625
2024-01-09,75.68571428571428,16678.69921875
2024-01-10,76.37142857142858,16793.05078125
2024-01-11,74.65714285714286,16820.900390625
2024-01-12,73.08571428571429,16832.919921875
2024-01-16,72.28571428571429,16830.7109375
2024-01-17,57.21428571428572,16736.279296875
2024-01-18,66.45714285714286,16982.2890625
2024-01-19,72.82857142857144,17314.0
2024-01-22,72.85714285714286,17330.380859375
2024-01-23,70.25714285714287,17404.2109375
2024-01-24,72.48571428571428,17499.30078125
2024-01-25,73.22857142857143,17516.990234375
2024-01-26,73.79999999999998,17421.009765625
2024-01-29,74.11428571428573,17596.26953125
2024-01-30,74.22857142857143,17476.7109375
2024-01-31,64.11428571428573,17137.240234375
2024-02-01,72.34285714285714,17344.7109375
2024-02-02,74.60000000000001,17642.73046875
2024-02-05,73.31428571428572,17613.0390625
2024-02-06,73.20000000000002,17572.73046875
2024-02-07,73.77142857142857,17755.0703125
2024-02-08,74.60000000000001,17783.169921875
2024-02-09,75.42857142857143,17962.41015625
2024-02-12,75.82857142857144,17882.66015625
2024-02-13,66.74285714285715,17600.419921875
2024-02-14,67.51428571428572,17807.630859375
2024-02-15,73.85714285714286,17845.720703125
2024-02-16,73.48571428571428,17685.98046875
2024-02-20,63.74285714285715,17546.099609375
2024-02-21,63.7,17478.91015625
2024-02-22,73.94285714285715,18004.69921875
2024-02-23,73.34285714285714,17937.609375
2024-02-26,71.91428571428573,17933.330078125
2024-02-27,75.77142857142859,17971.05078125
2024-02-28,76.77142857142859,17874.5
2024-02-29,77.45714285714287,18043.849609375
2024-03-01,76.82857142857142,18302.91015625
2024-03-04,79.22857142857143,18226.48046875
2024-03-05,76.11428571428571,17897.869140625
2024-03-06,72.54285714285714,18017.5703125
2024-03-07,73.85714285714286,18297.990234375
2024-03-08,70.02857142857144,18018.44921875
2024-03-11,62.771428571428565,17951.689453125
2024-03-12,72.2,18219.109375
2024-03-13,71.77142857142857,18068.470703125
2024-03-14,70.4,18014.810546875
2024-03-15,68.62857142857143,17808.25
2024-03-18,70.74285714285715,17985.009765625
2024-03-19,70.85714285714286,18032.19921875
2024-03-20,69.62857142857145,18240.109375
2024-03-21,71.37142857142858,18320.380859375
2024-03-22,69.51428571428572,18339.439453125
2024-03-25,67.42857142857143,18277.060546875
2024-03-26,67.91428571428573,18210.5390625
2024-03-27,69.77142857142859,18280.83984375
2024-03-28,68.77142857142857,18254.689453125
2024-04-01,71.25714285714287,18293.19921875
2024-04-02,71.14285714285715,18121.779296875
2024-04-03,69.4,18160.189453125
2024-04-04,53.8,17878.779296875
2024-04-05,58.10000000000001,18108.4609375
2024-04-08,64.02857142857144,18100.189453125
2024-04-09,59.62857142857144,18169.900390625
2024-04-10,49.67142857142858,18011.66015625
2024-04-11,56.65714285714286,18307.98046875
2024-04-12,45.01428571428572,18003.490234375
2024-04-15,38.4,17706.830078125
2024-04-16,35.11428571428572,17713.66015625
2024-04-17,31.157142857142865,17493.619140625
2024-04-18,30.40000000000001,17394.310546875
2024-04-19,27.671428571428574,17037.650390625
2024-04-22,34.17142857142857,17210.890625
2024-04-23,36.57142857142857,17471.470703125
2024-04-24,37.48571428571429,17526.80078125
2024-04-25,39.08571428571429,17430.5
2024-04-26,40.51428571428572,17718.30078125
2024-04-29,42.42857142857143,17782.720703125
2024-04-30,40.542857142857144,17440.689453125
2024-05-01,40.51428571428572,17318.55078125
2024-05-02,42.228571428571435,17541.5390625
2024-05-03,43.25714285714286,17890.80078125
2024-05-06,39.0,18093.5703125
2024-05-07,37.17142857142858,18091.44921875
2024-05-08,38.17142857142857,18085.009765625
2024-05-09,42.228571428571435,18113.4609375
2024-05-10,46.028571428571425,18161.1796875
2024-05-13,48.114285714285714,18198.609375
2024-05-14,55.285714285714285,18322.76953125
2024-05-15,59.371428571428574,18596.650390625
2024-05-16,62.31428571428573,18557.9609375
2024-05-17,62.8,18546.23046875
2024-05-20,60.42857142857143,18674.189453125
2024-05-21,59.42857142857143,18713.80078125
2024-05-22,58.51428571428572,18705.19921875
2024-05-23,52.37142857142857,18623.390625
2024-05-24,51.74285714285714,18808.349609375
2024-05-28,54.68571428571427,18869.439453125
2024-05-29,49.971428571428575,18736.75
2024-05-30,45.08571428571429,18538.66015625
2024-05-31,48.42857142857144,18536.650390625
2024-06-03,45.48571428571429,18600.970703125
2024-06-04,47.628571428571426,18654.83984375
2024-06-05,51.142857142857146,19035.05078125
2024-06-06,45.31428571428571,19021.189453125
2024-06-07,43.4,19000.94921875
2024-06-10,44.74285714285715,19074.669921875
2024-06-11,44.4,19210.1796875
2024-06-12,46.57142857142857,19465.1796875
2024-06-13,44.57142857142858,19576.919921875
2024-06-14,41.11428571428572,19659.80078125
2024-06-17,43.285714285714285,19902.75
2024-06-18,41.28571428571429,19908.859375
2024-06-20,38.714285714285715,19752.30078125
2024-06-21,39.05714285714286,19700.4296875
2024-06-24,37.77142857142858,19474.619140625
2024-06-25,37.285714285714285,19701.130859375
2024-06-26,40.88571428571429,19751.05078125
2024-06-27,45.51428571428571,19789.029296875
2024-06-28,44.31428571428571,19682.869140625
2024-07-01,47.94285714285714,19812.220703125
2024-07-02,49.74285714285714,20011.890625
2024-07-03,48.371428571428574,20186.630859375
2024-07-05,49.714285714285715,20391.970703125
2024-07-08,51.057142857142864,20439.5390625
2024-07-09,50.57142857142856,20453.01953125
2024-07-10,54.60000000000001,20675.380859375
2024-07-11,49.4,20211.359375
2024-07-12,54.371428571428574,20331.490234375
2024-07-15,57.74285714285715,20386.880859375
2024-07-16,57.02857142857143,20398.619140625
2024-07-17,46.114285714285714,19799.140625
2024-07-18,45.94285714285714,19705.08984375
2024-07-19,43.0,19522.619140625
2024-07-22,48.42857142857144,19822.869140625
2024-07-23,46.857142857142854,19754.33984375
2024-07-24,38.614285714285714,19032.390625
2024-07-25,39.07142857142857,18830.580078125
2024-07-26,42.542857142857144,19023.66015625
2024-07-29,42.07142857142857,19059.490234375
2024-07-30,40.8,18796.26953125
2024-07-31,46.885714285714286,19362.4296875
2024-08-01,42.68571428571429,18890.390625
2024-08-02,41.385714285714286,18440.849609375
2024-08-05,33.05714285714286,17895.16015625
2024-08-06,19.014285714285712,18077.919921875
2024-08-07,16.557142857142857,17867.369140625
2024-08-08,17.65714285714286,18413.8203125
2024-08-09,24.085714285714285,18513.099609375
2024-08-12,23.8,18542.029296875
2024-08-13,25.514285714285712,19006.4296875
2024-08-14,26.42857142857143,19022.6796875
2024-08-15,32.37142857142857,19490.150390625
2024-08-16,33.74285714285715,19508.51953125
2024-08-19,39.88571428571429,19766.490234375
2024-08-20,44.68571428571429,19719.8203125
2024-08-21,50.228571428571435,19824.83984375
2024-08-22,46.77142857142858,19491.83984375
2024-08-23,51.57142857142857,19720.869140625
2024-08-26,52.94285714285714,19516.439453125
2024-08-27,52.28571428571429,19581.51953125
2024-08-28,51.08571428571429,19350.779296875
2024-08-29,56.057142857142864,19325.44921875
2024-08-30,60.31428571428573,19574.640625
2024-09-03,56.34285714285714,18958.740234375
2024-09-04,56.62857142857143,18921.400390625
2024-09-05,50.62857142857143,18930.330078125
2024-09-06,39.34285714285715,18421.310546875
2024-09-09,41.971428571428575,18660.779296875
2024-09-10,39.6857142857143,18829.140625
2024-09-11,43.08571428571429,19237.30078125
2024-09-12,42.97142857142857,19423.0703125
2024-09-13,48.62857142857143,19514.58984375
2024-09-16,50.31428571428571,19423.060546875
2024-09-17,54.62857142857143,19432.400390625
2024-09-18,55.17142857142858,19344.490234375
2024-09-19,63.80000000000001,19839.830078125
2024-09-20,61.2,19791.490234375
2024-09-23,63.85714285714287,19852.19921875
2024-09-24,66.42857142857143,19944.83984375
2024-09-25,65.74285714285715,19972.609375
2024-09-26,70.74285714285713,20115.5390625
2024-09-27,67.31428571428572,20008.619140625
2024-09-30,73.6857142857143,20060.689453125
2024-10-01,70.31428571428572,19773.30078125
2024-10-02,70.57142857142857,19802.58984375
2024-10-03,69.42857142857143,19793.33984375
2024-10-04,71.4,20035.01953125
2024-10-07,70.82857142857144,19800.740234375
2024-10-08,71.17142857142856,20107.779296875
2024-10-09,71.14285714285715,20268.859375
2024-10-10,70.28571428571429,20241.759765625
2024-10-11,71.65714285714286,20271.970703125
2024-10-14,74.22857142857143,20439.05078125
2024-10-15,71.14285714285715,20159.830078125
2024-10-16,69.02857142857142,20174.05078125
2024-10-17,68.57142857142857,20190.419921875
2024-10-18,72.42857142857143,20324.0390625
2024-10-21,69.8,20361.470703125
2024-10-22,70.37142857142858,20390.4609375
2024-10-23,63.2,20066.9609375
2024-10-24,62.94285714285714,20232.869140625
2024-10-25,58.74285714285715,20352.01953125
2024-10-28,60.85714285714287,20351.0703125
2024-10-29,60.057142857142864,20550.650390625
2024-10-30,57.2,20387.69921875
2024-10-31,40.45714285714286,19890.419921875
2024-11-01,50.48571428571429,20033.140625
2024-11-04,42.42857142857143,19963.599609375
2024-11-05,43.54285714285715,20227.4609375
2024-11-06,44.0,20781.330078125
2024-11-07,59.05714285714286,21101.5703125
2024-11-08,59.42857142857144,21117.1796875
2024-11-11,66.6,21106.58984375
2024-11-12,66.71428571428571,21070.7890625
2024-11-13,66.31428571428572,21036.16015625
2024-11-14,60.31428571428573,20896.669921875
2024-11-15,51.2,20394.130859375
2024-11-18,50.285714285714285,20539.189453125
2024-11-19,49.51428571428572,20684.58984375
2024-11-20,49.51428571428572,20667.099609375
2024-11-21,56.60000000000001,20740.779296875
2024-11-22,60.71428571428572,20776.23046875
2024-11-25,62.88571428571429,20804.890625
2024-11-26,65.91428571428573,20922.900390625
2024-11-27,64.4,20744.490234375
2024-11-29,65.0,20930.369140625
2024-12-02,65.31428571428572,21164.599609375
2024-12-03,59.57142857142858,21229.3203125
2024-12-04,57.48571428571429,21492.359375
2024-12-05,54.91428571428572,21425.220703125
2024-12-06,52.142857142857146,21622.25
2024-12-09,49.25714285714287,21440.8203125
2024-12-10,46.971428571428575,21368.1796875
2024-12-11,49.2,21763.98046875
2024-12-12,47.114285714285714,21615.26953125
2024-12-13,49.114285714285714,21780.25
2024-12-16,56.057142857142864,22096.66015625
2024-12-17,51.4,22001.080078125
2024-12-18,33.12857142857143,21209.3203125
2024-12-19,19.514285714285716,21110.509765625
2024-12-20,27.600000000000005,21289.150390625
2024-12-23,30.142857142857142,21503.169921875
2024-12-24,34.51428571428571,21797.650390625
2024-12-26,34.17142857142857,21768.310546875
2024-12-27,33.82857142857143,21473.01953125
2024-12-30,28.6,21197.08984375
2024-12-31,26.314285714285713,21012.169921875
2025-01-02,24.314285714285717,20975.619140625
2025-01-03,28.885714285714283,21326.16015625
2025-01-06,33.77142857142857,21559.5
2025-01-07,34.31428571428572,21173.0390625
2025-01-08,31.91428571428572,21180.970703125
2025-01-10,25.62857142857143,20847.580078125
2025-01-13,25.34285714285715,20784.720703125
2025-01-14,25.142857142857142,20757.41015625
2025-01-15,27.428571428571427,21237.849609375
2025-01-16,27.342857142857145,21091.25
2025-01-17,36.02857142857143,21441.16015625
2025-01-21,39.91428571428572,21566.509765625
2025-01-22,41.62857142857143,21853.0
2025-01-23,43.68571428571429,21900.9296875
2025-01-24,45.8,21774.009765625
2025-01-27,37.971428571428575,21127.279296875
2025-01-28,40.62857142857143,21463.0390625
2025-01-29,42.4,21411.4609375
2025-01-30,45.91428571428571,21508.119140625
2025-01-31,43.771428571428565,21478.05078125
2025-02-03,37.4,21297.580078125
2025-02-04,37.142857142857146,21566.919921875
2025-02-05,38.62857142857143,21658.16015625
2025-02-06,39.68571428571429,21774.0703125
2025-02-07,38.371428571428574,21491.310546875
2025-02-10,44.714285714285715,21756.73046875
2025-02-11,45.4,21693.51953125
2025-02-12,41.371428571428574,21719.259765625
2025-02-13,46.60000000000001,22030.7109375
2025-02-14,43.68571428571429,22114.689453125
2025-02-18,46.8,22164.609375
2025-02-19,47.628571428571426,22175.599609375
2025-02-20,44.228571428571435,22068.060546875
2025-02-21,36.971428571428575,21614.080078125
2025-02-24,29.542857142857144,21352.080078125
2025-02-25,24.199999999999996,21087.25
2025-02-26,21.25714285714286,21132.919921875
2025-02-27,12.757142857142858,20550.94921875
2025-02-28,20.657142857142855,20884.41015625
2025-03-03,12.342857142857143,20425.580078125
2025-03-04,11.042857142857144,20352.529296875
2025-03-05,11.514285714285714,20628.4609375
2025-03-06,17.2,20052.630859375
2025-03-07,17.642857142857146,20201.369140625
2025-03-10,17.071428571428573,19430.94921875
2025-03-11,15.114285714285716,19376.9609375
2025-03-12,15.914285714285716,19596.01953125
2025-03-13,15.185714285714289,19225.48046875
2025-03-14,22.057142857142857,19704.640625
2025-03-17,22.571428571428573,19812.240234375
2025-03-18,22.228571428571428,19483.359375
2025-03-19,21.6,19736.66015625
2025-03-20,21.685714285714287,19677.609375
2025-03-21,22.685714285714287,19753.970703125
2025-03-24,25.4,20180.44921875
2025-03-25,29.285714285714285,20287.830078125
2025-03-26,28.88571428571429,19916.990234375
2025-03-27,28.342857142857145,19798.619140625
2025-03-28,26.371428571428577,19281.400390625
2025-03-31,21.114285714285717,19278.44921875
2025-04-01,19.571428571428573,19436.419921875
2025-04-02,22.6,19581.779296875
2025-04-03,12.142857142857142,18521.470703125
2025-04-04,5.385714285714286,17397.69921875
2025-04-07,4.0,17430.6796875
2025-04-08,2.9,17090.400390625
2025-04-09,9.5,19145.060546875
2025-04-10,5.614285714285715,18343.5703125
2025-04-11,8.385714285714286,18690.05078125
2025-04-14,12.342857142857143,18796.01953125
2025-04-15,13.114285714285716,18830.23046875
2025-04-16,11.142857142857142,18257.640625
2025-04-17,16.057142857142857,18258.08984375
2025-04-21,12.371428571428572,17808.30078125
2025-04-22,13.600000000000003,18276.41015625
2025-04-23,21.542857142857144,18693.259765625
2025-04-24,24.08571428571429,19214.400390625
2025-04-25,34.51428571428572,19432.560546875
2025-04-28,32.142857142857146,19427.2890625
2025-04-29,32.74285714285714,19544.94921875
2025-04-30,32.371428571428574,19571.01953125
2025-05-01,41.25714285714287,19786.7109375
2025-05-02,38.28571428571429,20102.609375
2025-05-05,53.057142857142864,19967.939453125
2025-05-06,54.65714285714286,19791.349609375
2025-05-07,54.142857142857146,19867.970703125
2025-05-08,57.65714285714286,20063.560546875
2025-05-09,60.02857142857143,20061.44921875
2025-05-12,64.4857142857143,20868.150390625
2025-05-13,68.2,21197.69921875
2025-05-14,70.4,21319.2109375
2025-05-15,69.14285714285714,21335.8203125
2025-05-16,70.60000000000001,21427.939453125
2025-05-19,69.74285714285715,21447.05078125
2025-05-20,69.17142857142858,21367.369140625
2025-05-21,66.22857142857143,21080.359375
2025-05-22,66.8,21112.470703125
2025-05-23,64.08571428571429,20915.66015625
2025-05-27,65.74285714285715,21414.990234375
2025-05-28,64.74285714285715,21318.169921875
2025-05-29,64.45714285714287,21363.94921875
2025-05-30,61.91428571428571,21340.990234375
2025-06-02,62.42857142857144,21491.75
2025-06-03,54.57142857142857,21662.580078125
2025-06-04,54.88571428571429,21721.919921875
2025-06-05,57.97142857142858,21547.4296875
2025-06-06,61.77142857142858,21761.7890625
2025-06-09,63.42857142857143,21797.869140625
2025-06-10,64.0,21941.919921875
2025-06-11,64.2,21860.80078125
2025-06-12,64.6,21913.3203125
2025-06-13,59.54285714285715,21631.0390625
2025-06-16,61.114285714285714,21937.5703125
2025-06-17,57.42857142857144,21719.080078125
2025-06-18,54.285714285714285,21719.689453125
2025-06-20,54.51428571428573,21626.390625
2025-06-23,56.60000000000001,21856.330078125
2025-06-24,57.885714285714286,22190.51953125
2025-06-25,59.25714285714286,22237.740234375
2025-06-26,63.00000000000001,22447.2890625
2025-06-27,64.8,22534.19921875
2025-06-30,69.22857142857143,22679.009765625
2025-07-01,67.54285714285714,22478.130859375
2025-07-02,63.714285714285715,22641.890625
2025-07-03,77.62857142857145,22866.970703125
2025-07-07,75.08571428571429,22685.5703125
2025-07-08,74.62857142857142,22702.25
2025-07-09,75.91428571428571,22864.91015625
2025-07-10,76.97142857142856,22829.259765625
2025-07-11,75.25714285714285,22780.599609375
2025-07-14,76.11428571428573,22855.630859375
2025-07-15,73.4857142857143,22884.58984375
2025-07-16,72.94285714285715,22907.970703125
2025-07-17,74.17142857142858,23081.05078125
2025-07-18,73.94285714285715,23065.470703125
2025-07-21,73.28571428571429,23180.060546875
2025-07-22,73.88571428571429,23063.580078125
2025-07-23,76.3714285714286,23162.41015625
2025-07-24,75.25714285714287,23219.869140625
2025-07-25,74.65714285714286,23272.25
2025-07-28,73.8,23356.26953125
2025-07-29,70.62857142857143,23308.30078125
2025-07-30,68.02857142857142,23345.41015625
2025-07-31,63.714285714285715,23218.119140625
2025-08-01,49.8,22763.310546875
2025-08-04,56.885714285714286,23188.609375
2025-08-05,55.028571428571425,23018.560546875
2025-08-06,55.31428571428573,23315.0390625
2025-08-07,54.71428571428572,23389.529296875
2025-08-08,58.37142857142857,23611.26953125
2025-08-11,57.628571428571426,23526.630859375
2025-08-12,62.25714285714286,23839.19921875
2025-08-13,63.34285714285714,23849.0390625
2025-08-14,63.25714285714287,23832.439453125
2025-08-15,63.54285714285715,23712.0703125
2025-08-18,64.2,23713.759765625
2025-08-19,59.88571428571429,23384.76953125
2025-08-20,55.91428571428572,23249.5703125
2025-08-21,52.60000000000001,23142.580078125
2025-08-22,55.54285714285715,23498.119140625
2025-08-25,53.942857142857136,23425.609375
2025-08-26,55.4,23525.2890625
2025-08-27,59.11428571428572,23565.849609375
2025-08-28,64.42857142857143,23703.44921875
2025-08-29,61.542857142857144,23415.419921875
2025-09-02,62.45714285714286,23231.109375
2025-09-03,61.371428571428574,23414.83984375
2025-09-04,61.17142857142858,23633.009765625
2025-09-05,58.68571428571429,23652.439453125
2025-09-08,58.228571428571435,23762.30078125
2025-09-09,57.942857142857136,23839.80078125
2025-09-10,57.94285714285714,23849.26953125
2025-09-11,60.34285714285715,23992.560546875
2025-09-12,61.34285714285714,24092.189453125
2025-09-15,64.45714285714287,24293.779296875
2025-09-16,64.37142857142858,24274.25
2025-09-17,63.77142857142858,24223.689453125
2025-09-18,66.54285714285714,24454.890625
2025-09-19,66.22857142857144,24626.25
2025-09-22,66.51428571428572,24761.0703125
2025-09-23,56.771428571428565,24580.169921875
2025-09-24,54.57142857142857,24503.5703125
2025-09-25,50.65714285714286,24397.310546875
2025-09-26,51.28571428571428,24503.849609375
2025-09-29,50.97142857142857,24611.349609375
2025-09-30,51.40000000000001,24679.990234375
2025-10-01,52.48571428571428,24800.859375
2025-10-02,54.54285714285715,24892.759765625
2025-10-03,52.57142857142857,24785.51953125
2025-10-06,53.971428571428575,24978.560546875
2025-10-07,51.857142857142854,24840.23046875
2025-10-08,52.942857142857136,25136.619140625
2025-10-09,48.62857142857143,25098.1796875
2025-10-10,30.14285714285714,24221.740234375
2025-10-13,29.74285714285714,24750.25
2025-10-14,28.285714285714285,24579.3203125
2025-10-15,27.41428571428571,24745.359375
2025-10-16,23.114285714285717,24657.240234375
2025-10-17,22.32857142857143,24817.94921875
2025-10-20,29.85714285714286,25141.01953125
2025-10-21,28.542857142857148,25127.130859375
2025-10-22,26.37142857142857,24879.009765625
2025-10-23,27.571428571428573,25097.41015625
2025-10-24,32.45714285714286,25358.16015625
2025-10-27,37.34285714285715,25821.55078125
2025-10-28,39.34285714285714,26012.150390625
2025-10-29,42.114285714285714,26119.849609375
2025-10-30,37.05714285714286,25734.810546875
2025-10-31,34.45714285714286,25858.130859375
2025-11-03,32.6,25972.939453125
2025-11-04,20.94285714285714,25435.69921875
2025-11-05,23.057142857142857,25620.029296875
2025-11-06,24.342857142857145,25130.0390625
2025-11-07,20.428571428571427,25059.810546875
2025-11-10,29.942857142857143,25611.740234375
2025-11-11,30.457142857142856,25533.490234375
2025-11-12,34.57142857142858,25517.330078125
2025-11-13,24.542857142857144,24993.4609375
2025-11-14,22.057142857142853,25008.240234375
2025-11-17,11.642857142857142,24799.919921875
2025-11-18,8.9,24503.099609375
2025-11-19,7.857142857142857,24640.51953125
2025-11-20,5.171428571428572,24054.380859375
2025-11-21,5.6571428571428575,24239.5703125
2025-11-24,13.685714285714283,24873.849609375
2025-11-25,15.028571428571428,25018.359375
2025-11-26,17.657142857142862,25236.939453125
2025-11-28,21.771428571428572,25434.890625
2025-12-01,22.085714285714285,25342.849609375
2025-12-02,23.257142857142856,25555.859375
2025-12-03,24.771428571428572,25606.5390625
2025-12-04,36.02857142857143,25581.69921875
2025-12-05,38.142857142857146,25692.05078125
2025-12-08,40.77142857142858,25627.94921875
2025-12-09,40.94285714285714,25668.689453125
2025-12-10,36.371428571428574,25776.439453125
2025-12-11,43.74285714285714,25686.689453125
2025-12-12,39.285714285714285,25196.73046875
2025-12-15,49.31428571428573,25067.26953125
2025-12-16,46.4,25132.939453125
2025-12-17,37.68571428571429,24647.609375
2025-12-18,42.371428571428574,25019.369140625
2025-12-19,44.2,25346.1796875
2025-12-22,54.88571428571429,25461.69921875
2025-12-23,58.57142857142857,25587.830078125
2025-12-24,58.0,25656.150390625
2025-12-26,54.857142857142854,25644.390625
2025-12-29,47.885714285714286,25525.560546875
2025-12-30,46.114285714285714,25462.560546875
2025-12-31,43.25714285714286,25249.849609375
2026-01-02,45.22857142857142,25206.169921875
2026-01-05,47.60000000000001,25401.3203125
2026-01-06,52.857142857142854,25639.7109375
2026-01-07,48.57142857142857,25653.900390625
2026-01-08,48.371428571428574,25507.099609375
2026-01-09,54.114285714285714,25766.259765625
2026-01-12,58.0,25787.66015625
2026-01-13,59.085714285714296,25741.94921875
2026-01-14,58.62857142857143,25465.939453125
2026-01-15,63.65714285714286,25547.0703125
2026-01-16,63.77142857142858,25529.259765625
2026-01-20,50.85714285714287,24987.5703125
2026-01-21,53.857142857142854,25326.580078125
2026-01-22,54.771428571428565,25518.349609375
2026-01-23,54.885714285714286,25605.470703125
2026-01-26,57.65714285714286,25713.2109375
2026-01-27,64.97142857142858,25939.740234375
2026-01-28,65.54285714285713,26022.7890625
2026-01-29,63.82857142857143,25884.30078125
2026-01-30,58.60000000000001,25552.390625
2026-02-02,63.40000000000001,25738.609375
2026-02-03,43.34285714285714,25338.619140625
2026-02-04,47.228571428571435,24891.240234375
2026-02-05,34.94285714285714,24548.689453125
2026-02-06,45.371428571428574,25075.76953125
2026-02-09,48.4857142857143,25268.140625
2026-02-10,47.228571428571435,25127.640625
2026-02-11,49.91428571428571,25201.259765625
2026-02-12,36.357142857142854,24687.609375
2026-02-13,33.84285714285714,24732.73046875
2026-02-17,33.31428571428572,24701.599609375
2026-02-18,34.157142857142865,24898.869140625
2026-02-19,34.400000000000006,24797.33984375
2026-02-20,42.34285714285715,25012.619140625
2026-02-23,32.542857142857144,24708.939453125
2026-02-24,40.25714285714286,24977.0390625
2026-02-25,43.142857142857146,25329.0390625
2026-02-26,42.91428571428571,25034.369140625
2026-02-27,41.17142857142857,24960.0390625
2026-03-02,34.285714285714285,24992.599609375
2026-03-03,31.628571428571423,24720.080078125
2026-03-04,33.07142857142857,25093.6796875
2026-03-05,31.62857142857143,25020.41015625
2026-03-06,25.25714285714286,24643.01953125
2026-03-09,22.228571428571428,24967.25
2026-03-10,20.271428571428572,24956.470703125
2026-03-11,18.314285714285713,24965.009765625
2026-03-13,16.671428571428574,24380.73046875
2026-03-16,23.91428571428572,24655.33984375
2026-03-17,22.88571428571429,24780.419921875
2026-03-18,13.614285714285714,24425.08984375
2026-03-19,18.314285714285713,24355.279296875
2026-03-20,8.4,23898.150390625
2026-03-23,11.62857142857143,24188.58984375
2026-03-24,10.35714285714286,24002.44921875
2026-03-25,16.542857142857144,24162.98046875
2026-03-26,10.257142857142858,23586.990234375
2026-03-27,8.171428571428573,23132.76953125
2026-03-30,5.771428571428572,22953.380859375
2026-03-31,14.885714285714284,23740.189453125
2026-04-01,15.857142857142858,24019.990234375
2026-04-02,18.285714285714285,24045.529296875
2026-04-06,21.85714285714286,24192.169921875
2026-04-07,21.571428571428573,24202.369140625
2026-04-08,29.171428571428574,24903.169921875
2026-04-09,33.800000000000004,25082.08984375
2026-04-10,38.05714285714286,25116.33984375
2026-04-13,40.971428571428575,25383.720703125
2026-04-14,47.25714285714286,25842.0
2026-04-15,56.2,26204.580078125
2026-04-16,61.48571428571429,26333.0
2026-04-17,68.57142857142858,26672.4296875
2026-04-20,69.97142857142858,26590.33984375
2026-04-21,67.57142857142858,26479.470703125
2026-04-22,68.45714285714286,26937.279296875
2026-04-23,66.17142857142856,26782.630859375
2026-04-24,65.4,27303.669921875
2026-04-27,66.28571428571429,27305.6796875
2026-04-28,67.42857142857142,27029.009765625
2026-04-29,66.22857142857143,27186.98046875
2026-04-30,69.51428571428572,27452.119140625
2026-05-01,71.17142857142856,27710.359375
2026-05-04,66.88571428571429,27651.8203125
2026-05-05,67.25714285714287,28015.060546875
2026-05-06,68.74285714285715,28599.169921875
2026-05-07,67.28571428571429,28563.94921875
2026-05-08,67.28571428571429,29234.990234375
2026-05-11,66.62857142857143,29320.66015625
2026-05-12,65.68571428571428,29064.80078125
2026-05-13,64.97142857142858,29366.939453125
2026-05-14,65.91428571428573,29580.30078125
2026-05-15,63.22857142857142,29125.19921875
2026-05-18,61.5714285714286,28994.369140625
2026-05-19,59.3714285714286,28818.83984375
2026-05-20,60.2571428571429,29297.69921875
2026-05-21,58.0571428571429,29357.26953125
2026-05-22,58.9714285714286,29481.640625
2026-05-26,60.9142857142857,30001.3203125
2026-05-27,60.6,29973.5703125
2026-05-28,60.0857142857143,30223.890625
2026-05-29,59.5142857142857,30333.1796875
2026-06-01,56.5428571428571,30513.859375
2026-06-02,56.0571428571429,30660.599609375
2026-06-03,53.0285714285714,30571.240234375
2026-06-04,53.8857142857143,30407.810546875
2026-06-05,41.7714285714286,28957.599609375
2026-06-08,39.8857142857143,29414.259765625
2026-06-09,32.4857142857143,29084.5
2026-06-10,26.9142857142857,28508.029296875
2026-06-11,31.6,29446.1796875
2026-06-12,35.5142857142857,29635.94921875
2026-06-15,41.6,30543.919921875
2026-06-16,39.0857142857143,29968.130859375
2026-06-17,32.2,29670.94921875
2026-06-18,37.5714285714286,30406.189453125
2026-06-22,31.9699633699634,30347.080078125
2026-06-23,27.4571428571429,29347.26953125
2026-06-24,25.9714285714286,29220.060546875
2026-06-25,24.3985347985348,29440.3203125
2026-06-26,25.1142857142857,29118.240234375
2026-06-29,27.2571428571429,29774.75
2026-06-30,30.9428571428571,30276.349609375
2026-07-01,30.4571428571429,29809.130859375
2026-07-02,37.4857142857143,29329.2109375
2026-07-06,44.0285714285714,29697.869140625
2026-07-07,43.7142857142857,29173.01953125
2026-07-08,44.1142857142857,29252.560546875
2026-07-09,46.0857142857143,29727.099609375
2026-07-10,48.4,29825.109375
2026-07-13,43.6857142857143,29264.099609375
